vx,vy,vz,wx,wy,wz,base1,shoulder1,elbow1,base2,shoulder2,elbow2,base3,shoulder3,elbow3,base4,shoulder4,elbow4,com_vx,com_vy,com_wz,height,e1x,e1y,e1z,e2x,e2y,e2z,e3x,e3y,e3z,e4x,e4y,e4z,com_x,com_y,quat_x,quat_y,quat_z,quat_w
-0.023,-0.0005,0.16599999999999948,0.0769999660284105,0.08499996249889472,0.008999996029294735,0.0,0.9,-1.8,0.0,0.9,-1.8,0.0,0.9,-1.8,0.0,0.9,-1.8,-0.023,-0.0005,0.16599999999999948,0.265,0.1934,0.142,-0.26481,0.1934,-0.142,-0.26481,-0.1934,0.142,-0.26481,-0.1934,-0.142,-0.26481,0.0,0.0,0.0,0.0,0.0,1.0
-0.025,0.00025,0.24425000000000002,0.06099996076870827,0.0199999871372814,-0.026499982956897858,-0.00166,0.89622,-1.79919,-0.00158,0.89737,-1.80102,-0.00135,0.89492,-1.79665,-0.00136,0.89621,-1.7988,-0.025,0.00025,0.24425000000000002,0.26832,0.19429,0.14156,-0.2651,0.19423,-0.14242,-0.26448,-0.1925,0.14164,-0.26549,-0.19255,-0.14236,-0.26487,-0.00046,-1e-05,0.0007699994904530058,0.0008499994375130584,8.999994044255913e-05,0.9999993382506569
-0.011999999999999999,0.0017500000000000003,0.2939999999999998,-0.0020473818571873107,-0.11094803469034807,-0.06758366625638067,-0.0024,0.88558,-1.77889,-0.00151,0.88342,-1.77822,-0.00322,0.88242,-1.77436,-0.00305,0.88115,-1.77385,-0.011999999999999999,0.0017500000000000003,0.2939999999999998,0.27477,0.19444,0.14136,-0.26854,0.19493,-0.14241,-0.26828,-0.19212,0.14113,-0.26937,-0.19185,-0.14282,-0.26885,-0.001,1e-05,0.001219998823128703,0.00039999961414055834,-0.0005299994887362398,0.9999990353513959
0.012000000000000002,0.00325,0.21999999999999936,-0.001103065701095325,-0.15894092147177946,-0.048694096671035206,-0.00277,0.8809,-1.75689,0.00309,0.88377,-1.76251,-0.00333,0.87447,-1.75113,-0.00329,0.87047,-1.74795,0.012000000000000002,0.00325,0.21999999999999936,0.28008,0.19273,0.14125,-0.2722,0.19272,-0.14116,-0.27131,-0.1931,0.14109,-0.2732,-0.19244,-0.1429,-0.27308,-0.00094,6e-05,0.0007299985409533743,-0.0013699972617892092,-0.0012599974816455502,0.9999980013059921
0.0265,0.004999999999999999,0.13350000000000029,0.05089766568765225,-0.08706141591256071,-0.004994276936147391,-0.0108,0.88019,-1.74149,0.00899,0.89331,-1.74845,-0.00478,0.86846,-1.73103,-0.00497,0.86526,-1.73018,0.0265,0.004999999999999999,0.13350000000000029,0.28357,0.19081,0.13903,-0.27546,0.18818,-0.13954,-0.27412,-0.19421,0.14068,-0.27661,-0.19345,-0.14337,-0.27581,-0.00052,0.00014,0.0012000051489331391,-0.002780011928361772,-0.001500006436166424,0.9999942907347082
0.031999999999999994,0.00525,0.06750000000000089,0.01845064979762947,0.02593558674389986,0.03158307321238733,-0.01735,0.87662,-1.72456,0.01055,0.88965,-1.7235,-0.00597,0.86438,-1.71777,-0.00641,0.86189,-1.71783,0.031999999999999994,0.00525,0.06750000000000089,0.28542,0.18943,0.13718,-0.27879,0.18566,-0.13907,-0.27826,-0.19493,0.14034,-0.27886,-0.19423,-0.14378,-0.27767,0.00011999999999999999,0.00026,0.0017500047387567477,-0.0031100084214477058,-0.0013600036826909583,0.9999927078339201
0.030500000000000003,0.0045000000000000005,0.03999999999999976,0.0039698738740067165,0.09390689163916524,0.0506771644533784,-0.01888,0.86712,-1.70502,0.01022,0.88175,-1.70483,-0.00522,0.85931,-1.70768,-0.00585,0.8582,-1.7088,0.030500000000000003,0.0045000000000000005,0.03999999999999976,0.28627,0.1893,0.13669,-0.28207,0.18518,-0.13913,-0.28122,-0.19493,0.14054,-0.28041,-0.19446,-0.14363,-0.27918,0.00076,0.00035,0.0015699934614618466,-0.0022599905878367983,-0.0008699963767336348,0.999995835326017
0.027999999999999997,0.004249999999999999,0.05149999999999877,0.006952979335361322,0.05892527037437788,0.04360819495659977,-0.02026,0.8624,-1.69671,0.00864,0.87889,-1.69834,-0.00526,0.85454,-1.69958,-0.00602,0.85356,-1.69925,0.027999999999999997,0.004249999999999999,0.05149999999999877,0.28702,0.18944,0.13627,-0.28353,0.18504,-0.13957,-0.28211,-0.19474,0.14052,-0.28172,-0.19451,-0.14369,-0.28069,0.00134,0.00044,0.0018299954393825486,-0.0012299969346669588,-0.00034999912775076063,0.9999975078593162
0.026999999999999993,0.0045,0.07975000000000065,0.02346798085175528,-0.012049325988980387,0.022506806755610405,-0.02062,0.86082,-1.69145,0.00805,0.87656,-1.6907,-0.00479,0.85054,-1.68984,-0.00565,0.85013,-1.68934,0.026999999999999993,0.0045,0.07975000000000065,0.28833,0.18914,0.13616,-0.2844,0.18458,-0.13972,-0.28326,-0.19499,0.14064,-0.28322,-0.19494,-0.1436,-0.28231,0.00188,0.00052,0.0017099965026332296,-0.0010799977911367766,0.0,0.9999979547562746
0.02725,0.004000000000000003,0.1015000000000002,0.05149290425277516,-0.03401346358841539,0.0074975017315949905,-0.02212,0.85737,-1.68041,0.00634,0.87346,-1.68006,-0.00608,0.84703,-1.67852,-0.00704,0.84711,-1.67856,0.02725,0.004000000000000003,0.1015000000000002,0.29021,0.18852,0.13569,-0.28628,0.1839,-0.1402,-0.28477,-0.19561,0.14027,-0.28514,-0.19563,-0.144,-0.28388,0.00242,0.00062,0.002299991420013011,-0.0014699945162691852,9.999962695708745e-05,0.9999962695708744
0.023500000000000007,0.0007499999999999993,0.11224999999999985,-0.01602449719791109,0.003460426720565726,0.016484419103864424,-0.02313,0.85198,-1.66586,0.00511,0.86933,-1.66786,-0.00707,0.84223,-1.66495,-0.00812,0.84369,-1.66738,0.023500000000000007,0.0007499999999999993,0.11224999999999985,0.29239,0.18794,0.13535,-0.28865,0.18327,-0.14054,-0.28656,-0.1962,0.13997,-0.28737,-0.19626,-0.14432,-0.28554,0.00297,0.00068,0.002740012840004254,-0.0017600082475939737,0.0001500007029199409,0.9999946860860782
0.018250000000000006,-0.0015000000000000011,0.10975000000000013,0.0069470415236747825,0.02442431888307678,0.02807943888387726,-0.02171,0.84461,-1.65131,0.00623,0.86239,-1.65343,-0.00995,0.84217,-1.66243,-0.00608,0.83711,-1.65329,0.018250000000000006,-0.0015000000000000011,0.10975000000000013,0.2947,0.18792,0.13571,-0.29081,0.18311,-0.1402,-0.28893,-0.19655,0.13914,-0.28803,-0.19642,-0.14375,-0.28795,0.00336,0.00065,0.001979993995380315,-0.0013999957543093136,0.000429998695966432,0.9999969673637954
0.01674999999999999,-0.0017499999999999992,0.09799999999999948,0.06898474190783123,-0.022507652465717856,0.018552258789758736,-0.02351,0.83907,-1.6397,0.00414,0.85678,-1.64102,-0.01699,0.83549,-1.64764,-0.00744,0.83188,-1.6413,0.01674999999999999,-0.0017499999999999992,0.09799999999999948,0.29678,0.18781,0.13514,-0.29278,0.18287,-0.1408,-0.29067,-0.19678,0.13707,-0.291,-0.19666,-0.14416,-0.28969,0.0037,0.00062,0.0028800138075392953,-0.0012700060887412866,0.0007100034039419791,0.9999947942365347
0.019999999999999987,-0.002500000000000001,0.09350000000000053,0.060579399438111844,-0.051358829949982886,-0.034071290914146804,-0.02429,0.83399,-1.62624,0.00309,0.85169,-1.62736,-0.01827,0.82881,-1.63078,-0.00816,0.82815,-1.62984,0.019999999999999987,-0.002500000000000001,0.09350000000000053,0.29862,0.18729,0.13486,-0.29493,0.18228,-0.1411,-0.29267,-0.19732,0.13665,-0.29373,-0.19727,-0.14438,-0.29139,0.00403,0.00058,0.0033600078083312183,-0.0018500042992299864,0.0008000018591264806,0.9999923238848617
0.024250000000000008,-0.0034999999999999996,0.09699999999999986,-0.01788753737769644,0.007700615531299718,-0.06400788001854993,-0.02544,0.83191,-1.61552,0.00263,0.84671,-1.61478,-0.02042,0.82425,-1.61634,-0.01041,0.82308,-1.61688,0.024250000000000008,-0.0034999999999999996,0.09699999999999986,0.30052,0.18629,0.13448,-0.29666,0.18182,-0.14123,-0.29455,-0.19813,0.13597,-0.29614,-0.19771,-0.14506,-0.29317,0.0045,0.00052,0.004089995870946752,-0.002299997678038516,2.9999969713545867e-05,0.9999889904616243
0.025250000000000012,-0.002249999999999999,0.09450000000000014,-0.05687825679699365,0.05521677517198336,-0.05340582795099227,-0.02554,0.82882,-1.60575,0.00556,0.83992,-1.602,-0.02296,0.82477,-1.61396,-0.00857,0.81575,-1.60289,0.025250000000000012,-0.002249999999999999,0.09450000000000014,0.3025,0.18572,0.13441,-0.29816,0.18186,-0.14035,-0.29679,-0.19864,0.13521,-0.29673,-0.19764,-0.14454,-0.2955,0.005,0.00044,0.003000011819319848,-0.0017000066976145805,-0.0004800018910911757,0.999993939733885
0.024749999999999987,-0.00025000000000000066,0.08625000000000022,0.0035619623018523765,0.014095788041885882,-0.032451973739015746,-0.02501,0.82294,-1.59237,0.00626,0.83414,-1.59095,-0.03102,0.82271,-1.60606,-0.00918,0.81009,-1.59179,0.024749999999999987,-0.00025000000000000066,0.08625000000000022,0.3043,0.18543,0.13452,-0.30015,0.18187,-0.14013,-0.29855,-0.19922,0.13278,-0.29863,-0.19763,-0.14473,-0.29713,0.00551,0.00043,0.002950012944390198,-0.0012000052655146568,-0.001040004563446036,0.9999943878850015
0.026000000000000002,0.0,0.08249999999999924,-0.012534179280359185,-0.037475136781141616,-0.0041256193238321,-0.02813,0.82247,-1.58601,0.00609,0.82939,-1.57885,-0.0321,0.81541,-1.58832,-0.00952,0.8067,-1.5819,0.026000000000000002,0.0,0.08249999999999924,0.30595,0.18459,0.13356,-0.30137,0.18141,-0.14017,-0.30035,-0.19974,0.13237,-0.30142,-0.19812,-0.14485,-0.29859,0.00599,0.00043,0.0030700111774705427,-0.001420005170035235,-0.0011300041141829686,0.9999936408334751
0.025,0.0012500000000000005,0.08724999999999983,-0.06003628408019245,0.008970191815596293,0.03194271707515926,-0.0339,0.82184,-1.577,0.00667,0.82545,-1.56638,-0.03129,0.81184,-1.57615,-0.00881,0.80373,-1.57101,0.025,0.0012500000000000005,0.08724999999999983,0.3076,0.18339,0.13177,-0.30319,0.18065,-0.13999,-0.30225,-0.20054,0.13256,-0.30318,-0.19889,-0.14465,-0.30029,0.00655,0.00043,0.0027000103316093013,-0.0019500074617178284,-0.0011200042857045988,0.9999938264836982
0.0175,0.00825,0.09750000000000036,-0.03448820934195978,0.05497165161705946,0.025081574520228474,-0.03734,0.81756,-1.56864,0.00748,0.81821,-1.55201,-0.03209,0.80959,-1.57162,-0.00639,0.79627,-1.55595,0.0175,0.00825,0.09750000000000036,0.30944,0.18338,0.13068,-0.30474,0.18057,-0.13973,-0.30448,-0.20056,0.13229,-0.30393,-0.19895,-0.14394,-0.30279,0.00699,0.00048,0.0018699950682685097,-0.001239996729760937,-0.0004899987077281122,0.999997362710433
0.010250000000000016,0.0175,0.1067499999999999,-0.0069978706692201435,-0.03746547766011181,-0.016578699975667084,-0.03909,0.80824,-1.55114,0.00638,0.81027,-1.53751,-0.04546,0.81235,-1.57285,-0.00762,0.78743,-1.53942,0.010250000000000016,0.0175,0.1067499999999999,0.3115,0.18346,0.13005,-0.30751,0.18069,-0.14005,-0.30654,-0.2012,0.12823,-0.30485,-0.19882,-0.14433,-0.30513,0.00725,0.00076,0.002009994827284968,-0.0008499978125334443,-0.0006199984044361593,0.9999974265099344
0.00449999999999999,0.0205,0.10325000000000056,0.001018377460173578,-0.05138458913374482,-0.0581031153642107,-0.03942,0.80065,-1.53203,0.00572,0.8031,-1.51974,-0.04775,0.80346,-1.55066,-0.00864,0.78336,-1.527,0.00449999999999999,0.0205,0.10325000000000056,0.31371,0.18277,0.12983,-0.31035,0.18005,-0.14023,-0.30907,-0.20196,0.12737,-0.30834,-0.19951,-0.14465,-0.30685,0.0074,0.00118,0.0017299934040667228,-0.001989992412770392,-0.0008199968736038801,0.9999961873218051
0.0002499999999999898,0.019499999999999997,0.07675000000000043,0.024700791608148778,0.014642389097489415,-0.09442649969139763,-0.04001,0.79674,-1.52316,0.0087,0.80351,-1.5225,-0.05069,0.79575,-1.53474,-0.00747,0.7825,-1.52519,0.0002499999999999898,0.019499999999999997,0.07675000000000043,0.31563,0.18256,0.1296,-0.3117,0.18037,-0.13932,-0.30896,-0.2021,0.12635,-0.31093,-0.19953,-0.1443,-0.30723,0.00743,0.00158,0.0020300093139071,-0.0018800086256873633,-0.0017800081668742057,0.999994588085695
0.0012499999999999924,0.019,0.025000000000000022,0.03471451641495311,0.014642506994583202,-0.10040502224619552,-0.04352,0.79925,-1.5252,0.01034,0.79794,-1.51503,-0.0532,0.79523,-1.53297,-0.00393,0.77996,-1.52086,0.0012499999999999924,0.019,0.025000000000000022,0.31678,0.18211,0.12852,-0.31167,0.18089,-0.1388,-0.31023,-0.20222,0.12555,-0.31139,-0.19943,-0.14321,-0.30822,0.00741,0.00196,0.0022200053695334812,-0.0017000041118049177,-0.002710006554700781,0.9999924186845881
0.005999999999999994,0.020249999999999997,-0.05224999999999952,-0.01767897661532662,0.014914136979220338,-0.164998690058636,-0.05276,0.80773,-1.53543,0.01221,0.79788,-1.51757,-0.05701,0.79847,-1.53729,-0.00675,0.77672,-1.51599,0.005999999999999994,0.020249999999999997,-0.05224999999999952,0.31663,0.18114,0.12572,-0.31087,0.18132,-0.13822,-0.31004,-0.20253,0.1244,-0.31104,-0.19919,-0.14409,-0.30866,0.00748,0.00234,0.002719994164666779,-0.001589996588904477,-0.0037899918691496654,0.9999878546783573
0.013499999999999991,0.021750000000000002,-0.15450000000000047,-0.07358283730935786,-0.0034874753699297325,-0.2701325263644686,-0.0543,0.81971,-1.55141,0.01781,0.80608,-1.53625,-0.0669,0.8168,-1.56501,-0.00796,0.7831,-1.53009,0.013499999999999991,0.021750000000000002,-0.15450000000000047,0.31469,0.18002,0.12537,-0.30857,0.18177,-0.13653,-0.30782,-0.20376,0.1216,-0.30763,-0.19895,-0.14444,-0.30648,0.00765,0.00277,0.0018599985415757156,-0.0014099988944203004,-0.006009995287564543,0.9999792159166042
0.025500000000000023,0.022750000000000006,-0.2777500000000002,-0.04236123226712892,-0.06604570265705448,-0.37870581812249493,-0.05554,0.84353,-1.58391,0.03012,0.82919,-1.58174,-0.08326,0.84758,-1.60786,-0.00968,0.80081,-1.564,0.025500000000000023,0.022750000000000006,-0.2777500000000002,0.31045,0.17797,0.12526,-0.30369,0.18192,-0.13294,-0.3021,-0.2063,0.11711,-0.30223,-0.19908,-0.14492,-0.30126,0.00802,0.00321,0.0012399945330621544,-0.0016799925931809837,-0.009189959482936452,0.9999555913555096
0.03875000000000003,0.023749999999999986,-0.40374999999999994,-0.028980585772948396,-0.0921074892543503,-0.5142261517797648,-0.059,0.8856,-1.63595,0.04586,0.85846,-1.63771,-0.10018,0.88578,-1.65761,-0.01508,0.82874,-1.61108,0.03875000000000003,0.023749999999999986,-0.40374999999999994,0.30358,0.17372,0.1247,-0.29572,0.18188,-0.12857,-0.29483,-0.20979,0.11278,-0.29552,-0.20025,-0.14644,-0.29355,0.00867,0.00368,0.0010100035304735115,-0.002750009612675402,-0.013580047469138894,0.9999034951687761
0.048999999999999995,0.023499999999999997,-0.5089999999999997,0.015814914121578025,-0.03557214517061402,-0.6516280284657179,-0.05956,0.9466,-1.69291,0.06172,0.88975,-1.69827,-0.11696,0.92725,-1.71254,-0.02354,0.85497,-1.66053,0.048999999999999995,0.023499999999999997,-0.5089999999999997,0.2943,0.16518,0.12511,-0.28606,0.18197,-0.12447,-0.28655,-0.2132,0.10886,-0.28768,-0.2005,-0.14874,-0.285,0.00957,0.00416,0.0006600026109424932,-0.0035400140041461,-0.019470077022803553,0.9998039551822798
0.05149999999999998,0.022250000000000002,-0.5725000000000008,0.04014698327796078,0.08069670273958855,-0.7240733263714842,-0.05854,0.99186,-1.73652,0.07804,0.92499,-1.76574,-0.13515,0.97218,-1.77749,-0.03656,0.88255,-1.71758,0.05149999999999998,0.022250000000000002,-0.5725000000000008,0.28322,0.15946,0.12585,-0.27828,0.18201,-0.12064,-0.27687,-0.21578,0.10507,-0.27804,-0.20001,-0.15211,-0.27457,0.01063,0.00462,0.0012999987308118586,-0.003469996612243961,-0.026609974020695048,0.9996390240528972
0.04974999999999997,0.020000000000000007,-0.5835000000000007,0.01352448264192766,0.108645132168348,-0.7552655478106582,-0.05432,1.03067,-1.78879,0.09013,0.95451,-1.82865,-0.15538,1.02105,-1.85148,-0.04937,0.90765,-1.77661,0.04974999999999997,0.020000000000000007,-0.5835000000000007,0.2714,0.15717,0.12751,-0.269,0.18295,-0.11823,-0.26733,-0.21777,0.10139,-0.26667,-0.1986,-0.15514,-0.2636,0.01163,0.00505,0.0013800010145081187,-0.0019200014114895566,-0.033950024958370024,0.9994207347244232
0.043500000000000004,0.018500000000000006,-0.5604999999999992,-0.01031560065838734,0.03347001242278187,-0.8051835689149267,-0.04928,1.07831,-1.8531,0.10243,0.98822,-1.89674,-0.17754,1.06867,-1.9183,-0.06378,0.93426,-1.83671,0.043500000000000004,0.018500000000000006,-0.5604999999999992,0.25988,0.15472,0.12943,-0.25731,0.18351,-0.11612,-0.25663,-0.22014,0.09756,-0.25619,-0.19751,-0.15829,-0.25199,0.01262,0.00542,0.0014599968400592588,-0.001309997164710705,-0.041709909725254575,0.999127837540005
0.035500000000000025,0.015999999999999997,-0.5290000000000002,-0.015676525085465035,-0.041704460557281726,-0.8146237233925189,-0.0424,1.12701,-1.91612,0.11713,1.02085,-1.96326,-0.20016,1.11479,-1.98145,-0.07951,0.95903,-1.89411,0.035500000000000025,0.015999999999999997,-0.5290000000000002,0.24898,0.1522,0.13168,-0.24534,0.18412,-0.1137,-0.24607,-0.22229,0.09403,-0.24605,-0.19638,-0.16146,-0.24043,0.01337,0.00579,0.0011199952641660377,-0.001279994587618329,-0.05003978840970404,0.9987457768623484
0.028749999999999998,0.010749999999999996,-0.4895000000000003,0.005668924893310144,-0.03407967610833294,-0.6731346585039545,-0.03583,1.1702,-1.96629,0.13161,1.0526,-2.02463,-0.22323,1.16008,-2.03983,-0.10021,0.98686,-1.94737,0.028749999999999998,0.010749999999999996,-0.4895000000000003,0.23872,0.14948,0.13363,-0.23533,0.18431,-0.11157,-0.23614,-0.22455,0.09075,-0.23646,-0.19656,-0.16548,-0.22874,0.01404,0.00606,0.0011600054320281554,-0.0021800102084667057,-0.05798027150775211,0.9983146748689895
0.020249999999999997,0.00425,-0.451,0.01196749801532778,0.04945807793491644,-0.49390206188057006,-0.0313,1.20598,-2.0105,0.14381,1.08156,-2.082,-0.24274,1.19968,-2.09435,-0.11321,1.00222,-1.98387,0.020249999999999997,0.00425,-0.451,0.2294,0.14788,0.13495,-0.22658,0.18467,-0.11019,-0.22657,-0.22576,0.0886,-0.22732,-0.1958,-0.16771,-0.22076,0.01452,0.00622,0.001250000478625275,-0.0019700007543134337,-0.06348002430650597,0.9979803821267615
0.014750000000000006,-0.0005000000000000013,-0.4227499999999995,0.02126920214150788,0.08388613941264082,-0.45592093905402403,-0.02712,1.24002,-2.05467,0.15659,1.11078,-2.13983,-0.26166,1.23837,-2.14923,-0.1239,1.01668,-2.02102,0.014750000000000006,-0.0005000000000000013,-0.4227499999999995,0.22068,0.1469,0.13613,-0.21783,0.18504,-0.10896,-0.21679,-0.22646,0.08699,-0.21799,-0.1948,-0.16925,-0.21285,0.01485,0.00623,0.0013200060983102606,-0.0011900054977190986,-0.06784031341618794,0.9976946092599726
0.00924999999999997,-0.0010000000000000026,-0.39724999999999966,0.016227777862495373,0.0827263862772154,-0.48315077012661417,-0.02229,1.27334,-2.09689,0.1823,1.15133,-2.20238,-0.29581,1.2834,-2.20651,-0.13569,1.02934,-2.05752,0.00924999999999997,-0.0010000000000000026,-0.39724999999999966,0.21249,0.146,0.13736,-0.20926,0.18374,-0.10551,-0.20666,-0.2278,0.08279,-0.20852,-0.19353,-0.17085,-0.20483,0.01511,0.0062,0.0015500020871567156,-0.0002800003770347615,-0.0725800977327964,0.9973613429978206
0.007250000000000008,-0.002249999999999995,-0.36750000000000044,-0.024026835825148266,0.03270744550934661,-0.5661749011879023,-0.01633,1.30508,-2.13562,0.20336,1.17387,-2.23834,-0.32921,1.31922,-2.24789,-0.14789,1.0403,-2.09238,0.007250000000000008,-0.002249999999999995,-0.36750000000000044,0.20479,0.14513,0.13873,-0.20113,0.18324,-0.10254,-0.2011,-0.22912,0.07849,-0.20176,-0.19214,-0.1724,-0.19697,0.01522,0.00619,0.0015200039962477599,0.00047000123568187305,-0.07748020370347132,0.9969926211967461
0.0037500000000000207,-0.002249999999999995,-0.3009999999999999,-0.03474179670815716,-0.03704036702816099,-0.5780472043464758,-0.00691,1.3356,-2.16639,0.22951,1.1981,-2.27504,-0.37086,1.35383,-2.27671,-0.16214,1.04884,-2.12314,0.0037500000000000207,-0.002249999999999995,-0.3009999999999999,0.19779,0.14356,0.14066,-0.19392,0.18257,-0.09888,-0.19557,-0.23157,0.0723,-0.19716,-0.19076,-0.17427,-0.18952,0.0154,0.00611,0.0010199960678717378,0.00031999876639113344,-0.08386967667882612,0.9964761585419895
-0.008750000000000034,0.005499999999999993,-0.15674999999999994,-0.02569776026610759,-0.071831321172231,-0.26158251421216744,0.00037,1.35709,-2.18553,0.24435,1.20841,-2.29651,-0.38936,1.36862,-2.28876,-0.17457,1.05358,-2.14451,-0.008750000000000034,0.005499999999999993,-0.15674999999999994,0.19275,0.1422,0.14207,-0.18913,0.1829,-0.09698,-0.1923,-0.23258,0.06964,-0.19518,-0.1896,-0.17592,-0.18397,0.01537,0.0061,0.000890001037474814,-0.00034000039633869306,-0.08900010374748141,0.9960311610742012
-0.029750000000000002,0.033,0.11624999999999969,-0.029259341935216985,-0.10630310226643255,0.5423100828205195,-3.9999999999999996e-05,1.36125,-2.19096,0.24554,1.21094,-2.30172,-0.39352,1.3753,-2.29703,-0.17607,1.05581,-2.15005,-0.029750000000000002,0.033,0.11624999999999969,0.19152,0.1422,0.14199,-0.18811,0.18297,-0.09699,-0.19138,-0.23266,0.06947,-0.19374,-0.18951,-0.17601,-0.18275,0.01505,0.00633,0.0006300022587826478,-0.0011600041590283674,-0.08908031938469567,0.9960235710995126
-0.058499999999999955,0.07725,0.5877500000000001,-0.1107413544377156,-0.1409940768213317,1.931603727563931,-0.0197,1.32684,-2.16734,0.21351,1.19341,-2.26033,-0.36113,1.34548,-2.27076,-0.15634,1.05854,-2.12922,-0.058499999999999955,0.07725,0.5877500000000001,0.1974,0.14539,0.13817,-0.19538,0.18192,-0.10141,-0.19745,-0.23087,0.07375,-0.19814,-0.19215,-0.17299,-0.18915,0.01418,0.00742,0.0004999976150920635,-0.0024999880754603175,-0.07818962704809689,0.9969352447797636
-0.09424999999999997,0.0825,1.1437500000000003,-0.12722213801000287,0.023997665580735027,3.469167877890602,-0.06094,1.23529,-2.0938,0.14172,1.14496,-2.14309,-0.27025,1.25226,-2.17549,-0.09965,1.05937,-2.06478,-0.09424999999999997,0.0825,1.1437500000000003,0.21503,0.15349,0.12907,-0.21477,0.17844,-0.11231,-0.21486,-0.22581,0.08642,-0.21361,-0.19929,-0.16325,-0.20778,0.01271,0.00942,-0.0012800033704453127,-0.004140010901284057,-0.050540133079926636,0.9987126297636234
-0.12575,0.04599999999999999,1.5392500000000002,0.23425757277005216,0.3081792193590093,4.755910992050722,-0.1127,1.10044,-1.97684,0.05543,1.06904,-1.96841,-0.14911,1.09253,-2.00327,-0.01125,1.0377,-1.95756,-0.12575,0.04599999999999999,1.5392500000000002,0.24315,0.16721,0.11521,-0.2421,0.17342,-0.12884,-0.23988,-0.21424,0.10697,-0.24028,-0.2074,-0.14466,-0.23622,0.01041,0.01072,-0.001899993142557125,-0.002179992131986596,-0.008879967950477512,0.9999563909639066
-0.11725000000000001,0.009999999999999983,1.6569999999999994,0.3276552582803124,0.3956253552654247,5.727919086069774,-0.18489,0.94433,-1.81947,-0.02776,1.01507,-1.78625,-0.04658,0.89907,-1.78436,0.12925,0.99631,-1.84959,-0.11725000000000001,0.009999999999999983,1.6569999999999994,0.2766,0.18435,0.09232,-0.27449,0.16091,-0.14932,-0.26236,-0.19524,0.12945,-0.27156,-0.21172,-0.10823,-0.26597,0.00768,0.01126,0.003479998937034487,0.0021399993463372996,0.044529986398317734,0.9989996948555898
-0.09175000000000001,-0.020999999999999967,1.547749999999999,-0.17512304317610078,0.2709279091847346,6.390287171652377,-0.27274,0.83733,-1.68204,-0.09646,1.0205,-1.61975,0.05255,0.70079,-1.53775,0.30837,0.9184,-1.67825,-0.09175000000000001,-0.020999999999999967,1.547749999999999,0.30943,0.19445,0.06196,-0.29924,0.13198,-0.16922,-0.27674,-0.17257,0.15791,-0.30002,-0.21594,-0.05138,-0.29932,0.00572,0.01112,0.004830019667155623,0.005570022680343027,0.1054804295013613,0.9943940490316521
-0.09100000000000001,-0.036000000000000004,1.33775,-0.2407805010063181,0.3010884635209113,6.544863170407693,-0.39595,0.80798,-1.60644,-0.16733,1.02072,-1.44711,0.19326,0.4555,-1.22174,0.44512,0.83668,-1.50716,-0.09100000000000001,-0.036000000000000004,1.33775,0.33851,0.19199,0.02052,-0.30975,0.09991,-0.19151,-0.28511,-0.1394,0.20644,-0.31999,-0.21919,0.0005999999999999998,-0.32054,0.00401,0.01042,-6.999971559873324e-05,0.008119967009453057,0.1714693033387827,0.9851559974178291
-0.08124999999999999,-0.039000000000000014,1.0857500000000007,-0.07057583544075148,0.40115964296109535,6.333369167884449,-0.48691,0.8474,-1.5929,-0.17707,1.07364,-1.41166,0.23523,0.21187,-1.0053,0.48776,0.74917,-1.46017,-0.08124999999999999,-0.039000000000000014,1.0857500000000007,0.36294,0.17823,-0.0083,-0.3076,0.07682,-0.1938,-0.28098,-0.08637,0.22272,-0.32553,-0.19946,0.01787,-0.32511,0.00208,0.00968,-7.999999096800154e-05,0.012629998574073242,0.23430997354640548,0.9720798902521867
-0.05449999999999999,-0.029999999999999992,0.8320000000000007,-0.2198106131436569,0.012623626252384413,6.058325642440916,-0.52438,0.96269,-1.73022,-0.14905,1.25424,-1.55004,0.21007,0.03615,-0.96639,0.53391,0.72563,-1.56113,-0.05449999999999999,-0.029999999999999992,0.8320000000000007,0.38194,0.16648,-0.0085,-0.28584,0.05307,-0.18104,-0.25288,-0.03032,0.21083,-0.31277,-0.17678,0.02509,-0.30876,0.00076,0.00886,-0.0011100050661301834,0.01617007380119375,0.29453134425884947,0.9555043609796307
-0.040499999999999994,-0.003000000000000008,0.6237499999999992,-0.13877061219548303,-0.4529583289236896,5.634507451798497,-0.52154,1.09283,-1.9006,-0.13128,1.40304,-1.69133,0.20601,-0.00884,-1.04798,0.56425,0.77893,-1.71966,-0.040499999999999994,-0.003000000000000008,0.6237499999999992,0.39622,0.15822,0.00715,-0.26016,0.04395,-0.17257,-0.22521,-0.00604,0.20497,-0.29146,-0.17093,0.02098,-0.2852,-0.0001,0.00848,-0.005809993546843752,0.013799984672365538,0.35002961122232673,0.9366189596978992
-0.04175,0.023499999999999997,0.44774999999999954,0.23740887941980765,-0.47572763284617625,5.25294575984619,-0.48469,1.19952,-2.01879,-0.12159,1.45471,-1.78533,0.20621,0.05514,-1.17474,0.53845,0.8754,-1.84771,-0.04175,0.023499999999999997,0.44774999999999954,0.40689,0.15054,0.02723,-0.24155,0.05098,-0.16872,-0.21288,-0.01345,0.20254,-0.27953,-0.18096,0.00303,-0.26915,-0.00086,0.00874,-0.00823003586122489,0.008120035381913257,0.40004174312568713,0.9164239931887866
-0.05,0.03525,0.2725000000000005,0.5021466373296081,-0.2623936651605575,5.088172602558511,-0.42304,1.25373,-2.0588,-0.10111,1.45984,-1.83613,0.19606,0.19071,-1.31581,0.45615,0.9525,-1.90429,-0.05,0.03525,0.2725000000000005,0.41413,0.14456,0.04571,-0.23437,0.05998,-0.16389,-0.21091,-0.04158,0.1988,-0.27659,-0.19349,-0.02341,-0.26386,-0.00177,0.00942,-0.006109966635396292,0.0025599860207225055,0.4463075628549458,0.8948551134780238
-0.05875000000000001,0.03424999999999999,0.09124999999999966,0.5600199873481938,-0.029982123410890228,5.089301819312884,-0.35979,1.26492,-2.05147,-0.08333,1.44684,-1.85197,0.18201,0.34952,-1.4397,0.37147,0.99461,-1.91557,-0.05875000000000001,0.03424999999999999,0.09124999999999966,0.41779,0.14107,0.06034,-0.23446,0.06599,-0.16015,-0.21337,-0.07747,0.19447,-0.27638,-0.20242,-0.04658,-0.26289,-0.00286,0.01015,-0.0019200015841939607,-0.0015700012954086033,0.49108040519060947,0.8711107187537506
-0.06725,0.028250000000000018,-0.0952499999999995,0.5291117609595808,0.21190026316673435,5.113140288473559,-0.30633,1.25084,-2.01849,-0.07032,1.42901,-1.85039,0.1644,0.50235,-1.53586,0.3036,1.01222,-1.90454,-0.06725,0.028250000000000018,-0.0952499999999995,0.41778,0.13913,0.07113,-0.2388,0.06966,-0.15754,-0.2172,-0.11297,0.18911,-0.27608,-0.2082,-0.06392,-0.26384,-0.00412,0.01079,0.003399994834561771,-0.0035999945307124636,0.5349191873246419,0.8448887164037927
-0.07474999999999998,0.019750000000000018,-0.2829999999999999,0.4372681353544,0.4377066535882916,5.119014703821537,-0.25662,1.22368,-1.97476,-0.05627,1.40844,-1.84398,0.13944,0.64012,-1.60956,0.24423,1.01788,-1.8881,-0.07474999999999998,0.019750000000000018,-0.2829999999999999,0.41398,0.13846,0.08096,-0.24492,0.07307,-0.15465,-0.22181,-0.14499,0.18157,-0.27524,-0.21183,-0.07891,-0.26487,-0.00555,0.01128,0.009529994432102382,-0.0032599980953466694,0.5773996626543457,0.8163995230187181
-0.08000000000000002,0.009749999999999993,-0.467250000000001,0.2700978448786967,0.6067960884392889,5.129798872327028,-0.21019,1.18816,-1.92143,-0.03998,1.37966,-1.83459,0.10637,0.75755,-1.65618,0.19178,1.0143,-1.86594,-0.08000000000000002,0.009749999999999993,-0.467250000000001,0.40646,0.13836,0.09029,-0.25248,0.07787,-0.15119,-0.2278,-0.17309,0.17197,-0.27562,-0.21401,-0.09206,-0.26639,-0.00711,0.01158,0.01580007400060988,-0.0005200024354631099,0.6183628961403244,0.7857336800315949
-0.08224999999999999,-0.0004999999999999796,-0.6507499999999999,0.05010093898653113,0.6898116075107459,5.151611967663772,-0.16982,1.1463,-1.85988,-0.02306,1.33772,-1.82242,0.0685,0.84776,-1.67327,0.14859,0.99932,-1.83475,-0.08224999999999999,-0.0004999999999999796,-0.6507499999999999,0.39529,0.13872,0.09858,-0.26132,0.08541,-0.14745,-0.2354,-0.19658,0.16131,-0.27818,-0.2146,-0.10274,-0.26939,-0.00875,0.01167,0.021209986845570242,0.004509997202900603,0.6577895920390217,0.7528895330580565
-0.08249999999999998,-0.009500000000000003,-0.8392499999999997,-0.15544064747125227,0.6927926358838951,5.17296287695907,-0.13754,1.10323,-1.79629,-0.00821,1.28076,-1.80681,0.03111,0.90748,-1.66596,0.11557,0.97586,-1.79484,-0.08249999999999998,-0.009500000000000003,-0.8392499999999997,0.38043,0.13935,0.10547,-0.2705,0.09625,-0.14401,-0.24432,-0.21473,0.15084,-0.28266,-0.21422,-0.11082,-0.27409,-0.0104,0.01156,0.025069878944114322,0.011309945387233067,0.6956166410492544,0.7178865335137707
-0.08250000000000002,-0.016250000000000032,-1.0359999999999994,-0.2880254119764663,0.6542919560750904,5.185514207425868,-0.1129,1.066,-1.74253,0.00279,1.21019,-1.79058,-0.00035000000000000005,0.94234,-1.64658,0.08712,0.9527,-1.7522,-0.08250000000000002,-0.016250000000000032,-1.0359999999999994,0.36172,0.14032,0.11108,-0.27815,0.1109,-0.14129,-0.25354,-0.2278,0.1419,-0.28758,-0.21427,-0.11798,-0.27918,-0.01205,0.01129,0.027390024225117642,0.01913001691955095,0.7316506471087011,0.680860602187426
-0.084,-0.020249999999999997,-1.2349999999999999,-0.37303660121965687,0.7472146576268852,5.2361103982383455,-0.09488,1.03445,-1.70375,0.0066,1.12615,-1.76345,-0.01863,0.96254,-1.6327,0.05353,0.93954,-1.70735,-0.084,-0.020249999999999997,-1.2349999999999999,0.33899,0.14246,0.11543,-0.2837,0.12785,-0.14026,-0.26343,-0.2359,0.13661,-0.29038,-0.21741,-0.12694,-0.28365,-0.0137,0.01091,0.028720069455263952,0.027220065827725792,0.765731851809863,0.6419415524412305
-0.09449999999999996,-0.02149999999999999,-1.3257500000000004,-0.5343017570798984,-0.2247666536129354,5.122406126793434,-0.10785,1.0059,-1.6753,-0.01567,1.03431,-1.69862,-0.02655,0.96938,-1.63646,0.02671,0.9461,-1.66068,-0.09449999999999996,-0.02149999999999999,-1.3257500000000004,0.31232,0.14566,0.11119,-0.28971,0.14164,-0.14632,-0.27504,-0.23724,0.13432,-0.29029,-0.22659,-0.13434,-0.28792,-0.01541,0.01048,0.03107988993853463,0.03748986723924271,0.7981571735309139,0.6004778735614954
-0.11499999999999999,-0.019499999999999986,-0.931499999999999,-0.22835426504046655,-1.4805541218574696,3.54727063253912,-0.12285,0.98418,-1.65888,-0.01728,0.99143,-1.66117,-0.04733,0.96362,-1.64362,0.0983,0.97771,-1.68502,-0.11499999999999999,-0.019499999999999986,-0.931499999999999,0.28596,0.14906,0.10645,-0.2938,0.14739,-0.14689,-0.28191,-0.2344,0.12831,-0.29135,-0.23162,-0.11397,-0.28897,-0.01748,0.01005,0.015500062891632773,0.035300143230621736,0.8271533561815516,0.5606522748512203
-0.10950000000000004,-0.00425,-0.3082500000000002,0.19700125441283237,-1.1044786874331765,1.0241010830542676,-0.11666,1.01571,-1.73054,-0.00762,1.04892,-1.74814,-0.04552,0.97612,-1.66592,0.15573,1.04307,-1.78518,-0.10950000000000004,-0.00425,-0.3082500000000002,0.27506,0.152,0.10956,-0.28237,0.14584,-0.14405,-0.26846,-0.23428,0.12899,-0.28769,-0.23347,-0.09986,-0.27587,-0.02001,0.0097,0.001979997261269683,0.02545996478380107,0.8390988393592882,0.5433792483983435
-0.09725000000000003,0.007499999999999998,-0.10450000000000043,0.1161348447348172,-0.3225779286161026,-0.12060984649563053,-0.11786,1.07072,-1.81467,0.00461,1.08558,-1.80479,-0.04634,1.01554,-1.71712,0.12704,1.07296,-1.82509,-0.09725000000000003,0.007499999999999998,-0.10450000000000043,0.27363,0.15073,0.1109,-0.26829,0.14531,-0.1408,-0.26003,-0.23692,0.12916,-0.27911,-0.23502,-0.10864,-0.26728,-0.02186,0.00988,-0.001290007051520318,0.01996010910724461,0.8387345847454546,0.5441729745936523
-0.10049999999999998,0.006000000000000016,-0.2024999999999999,-0.02206856532024775,-0.2176604857425004,0.04671931907947154,-0.18203,1.1141,-1.93195,-0.02638,1.11736,-1.8553,-0.03401,1.05132,-1.80154,0.1141,1.09497,-1.83584,-0.10049999999999998,0.006000000000000016,-0.2024999999999999,0.27088,0.15765,0.09705,-0.25291,0.14522,-0.14858,-0.24829,-0.23308,0.13305,-0.26465,-0.23898,-0.11238,-0.26395,-0.0239,0.01,-0.002109994598209744,0.019999948798196627,0.8378378550540531,0.5455486033428084
-0.10049999999999998,0.010500000000000006,-0.3509999999999999,0.027360932490850757,-0.3391786949041265,0.23787478749369223,-0.25661,1.10346,-1.97928,-0.07344,1.14086,-1.84874,0.01336,1.03581,-1.85351,0.14789,1.13274,-1.86794,-0.10049999999999998,0.010500000000000006,-0.3509999999999999,0.26553,0.16684,0.0799,-0.24899,0.13828,-0.16013,-0.24292,-0.22124,0.14539,-0.25297,-0.24342,-0.10437,-0.25969,-0.02588,0.01012,-0.005200001427660588,0.01796000493092003,0.8392202304079459,0.54347014920975
-0.09624999999999997,0.019000000000000006,-0.5042499999999999,0.14411547242429698,-0.3709063602488774,0.0869717836869546,-0.30331,1.10699,-1.98737,-0.09183,1.17488,-1.86851,0.03164,1.01172,-1.8869,0.17253,1.17605,-1.9174,-0.09624999999999997,0.019000000000000006,-0.5042499999999999,0.25684,0.16712,0.06866,-0.24892,0.13305,-0.16415,-0.23613,-0.21046,0.14984,-0.24633,-0.24618,-0.09955,-0.25186,-0.02792,0.01042,-0.007590009186193678,0.015830019159083785,0.8404010171379667,0.5416806555964943
-0.07074999999999998,0.020999999999999967,-0.5695000000000006,0.15750259957567855,-0.24214401480554476,-0.13737538992335854,-0.31098,1.1331,-2.01784,-0.10149,1.20907,-1.9092,0.03329,1.00925,-1.9023,0.18392,1.21115,-1.95979,-0.07074999999999998,0.020999999999999967,-0.5695000000000006,0.24536,0.16529,0.06851,-0.24363,0.13142,-0.16565,-0.22737,-0.20777,0.15017,-0.24367,-0.2478,-0.09814,-0.24458,-0.02973,0.01088,-0.009890010561547919,0.011500012280869673,0.8401508971976223,0.5421405789522334
-0.023499999999999997,0.022999999999999972,-0.4975,-0.12340832104836985,-0.0391726557983694,-0.15762110035023555,-0.32362,1.179,-2.07981,-0.10496,1.23681,-1.94635,0.0292,1.03179,-1.93391,0.18437,1.24295,-2.0004,-0.023499999999999997,0.022999999999999972,-0.4975,0.23406,0.1635,0.06912,-0.23288,0.13094,-0.16572,-0.22014,-0.20907,0.14901,-0.23849,-0.24871,-0.09944,-0.23707,-0.03075,0.01126,-0.009909984248092559,0.010579983183130097,0.8389086665557344,0.544079135186902
0.01324999999999998,0.031500000000000014,-0.3657500000000001,-0.36689278750778564,-0.02246120636604822,0.005153898173979181,-0.33757,1.21446,-2.13919,-0.10785,1.25889,-1.98279,0.02844,1.058,-1.98317,0.18689,1.26587,-2.03785,0.01324999999999998,0.031500000000000014,-0.3657500000000001,0.22546,0.16385,0.06953,-0.22274,0.13175,-0.16566,-0.21336,-0.20888,0.14858,-0.22985,-0.24799,-0.1001,-0.23054,-0.03067,0.0118,-0.01184998194182628,0.013179979915043914,0.8383987223651606,0.5447691698268947
0.020750000000000022,0.03475000000000002,-0.2505,-0.3560285514190253,-0.011642319049957202,0.13719233071630882,-0.34975,1.23674,-2.18243,-0.11171,1.2811,-2.01817,0.03086,1.07043,-2.01508,0.19301,1.28263,-2.06726,0.020750000000000022,0.03475000000000002,-0.2505,0.21943,0.1649,0.06958,-0.21543,0.13244,-0.16577,-0.20655,-0.2077,0.14896,-0.22396,-0.24712,-0.0997,-0.22566,-0.03022,0.01252,-0.014279999812932005,0.016489999783981007,0.8388599890109343,0.5439099928747793
0.015749999999999965,0.027500000000000007,-0.15099999999999975,-0.25169835144120417,0.00619820665772686,0.13998659121501147,-0.35906,1.24985,-2.20928,-0.11547,1.29936,-2.044,0.0346,1.07339,-2.02945,0.1995,1.29249,-2.08382,0.015749999999999965,0.027500000000000007,-0.15099999999999975,0.21544,0.16569,0.06934,-0.21093,0.13255,-0.16599,-0.20131,-0.20658,0.14971,-0.22104,-0.2467,-0.09884,-0.22303,-0.02984,0.01319,-0.015960046192430535,0.01899005496204611,0.8397724305148743,0.5423715697611874
0.008249999999999924,0.015999999999999997,-0.057000000000000106,-0.23762832456984878,0.04353296299683118,0.009656952196411528,-0.36476,1.25691,-2.22442,-0.11767,1.30898,-2.05784,0.03655,1.07287,-2.03451,0.20254,1.29513,-2.08967,0.008249999999999924,0.015999999999999997,-0.057000000000000106,0.21339,0.16621,0.06915,-0.2084,0.13267,-0.16613,-0.19848,-0.20585,0.15011,-0.21996,-0.24637,-0.09837,-0.22218,-0.02959,0.01362,-0.016959951972028015,0.020739941267680487,0.8402876204348714,0.5414784666163756
0.0015000000000000256,0.005250000000000003,0.06299999999999986,-0.23858130922873272,0.012026418304833149,-0.2678619627035965,-0.36785,1.25653,-2.22948,-0.12014,1.31047,-2.06567,0.03222,1.06749,-2.03034,0.19693,1.28633,-2.08406,0.0015000000000000256,0.005250000000000003,0.06299999999999986,0.21316,0.16689,0.06882,-0.20765,0.13357,-0.16647,-0.19696,-0.20515,0.14918,-0.2212,-0.24538,-0.09935,-0.22318,-0.02951,0.01383,-0.017810021418344636,0.02345002820102087,0.8397910099332758,0.5421106519426621
-0.001249999999999949,-0.006000000000000016,0.23150000000000046,-0.22298928157785947,-0.0012933140883421466,-0.6771390632857729,-0.35757,1.24363,-2.21476,-0.11504,1.29483,-2.05925,0.02242,1.05822,-2.01369,0.18178,1.26132,-2.06149,-0.001249999999999949,-0.006000000000000016,0.23150000000000046,0.21591,0.16753,0.06993,-0.21015,0.13588,-0.16568,-0.19942,-0.20509,0.14707,-0.22521,-0.24346,-0.10188,-0.22699,-0.02953,0.01383,-0.019230006527626825,0.024970008476070817,0.8372702842114462,0.5458801852990603
0.0004999999999999796,-0.015500000000000019,0.42125000000000007,-0.24026554098442762,0.04942049014301042,-1.1023334261888509,-0.33795,1.21865,-2.18033,-0.10669,1.26343,-2.04128,0.00182,1.04196,-1.97933,0.15203,1.21923,-2.02117,0.0004999999999999796,-0.015500000000000019,0.42125000000000007,0.22242,0.16816,0.07183,-0.21595,0.13986,-0.16448,-0.20479,-0.20562,0.14242,-0.23337,-0.24029,-0.10736,-0.23336,-0.02956,0.01359,-0.019929980155728638,0.027419972697946778,0.8322591713199557,0.553349449030228
0.005499999999999949,-0.022250000000000002,0.6102499999999996,-0.22551529288514313,0.030961514103977312,-1.4973329431533122,-0.30789,1.17973,-2.12297,-0.09296,1.21414,-2.007,-0.02523,1.01595,-1.92421,0.11253,1.1585,-1.95907,0.005499999999999949,-0.022250000000000002,0.6102499999999996,0.23276,0.1689,0.075,-0.2255,0.14554,-0.16237,-0.21402,-0.20651,0.13583,-0.24556,-0.23567,-0.11516,-0.24291,-0.02951,0.01321,-0.02047004834826429,0.02995007073915562,0.8249219483854509,0.5640813323052722
0.012500000000000011,-0.028499999999999966,0.7689999999999996,-0.20472781372943222,0.02819678253881647,-1.8205774086040172,-0.26887,1.12833,-2.04329,-0.07325,1.1469,-1.95318,-0.05577,0.97917,-1.84752,0.06742,1.07981,-1.87342,0.012500000000000011,-0.028499999999999966,0.7689999999999996,0.24683,0.16972,0.07984,-0.23852,0.15298,-0.15895,-0.22743,-0.20762,0.12756,-0.26133,-0.22939,-0.12495,-0.25567,-0.02934,0.0127,-0.021079939031634503,0.03209990715917777,0.8151976422480288,0.5779083285470539
0.019750000000000063,-0.03324999999999999,0.8412500000000003,-0.18923795805215995,0.036525983086933264,-1.86428000215769,-0.22945,1.07215,-1.9509,-0.05176,1.07168,-1.88744,-0.08771,0.93438,-1.75603,0.02284,0.99147,-1.77207,0.019750000000000063,-0.03324999999999999,0.8412500000000003,0.26352,0.17033,0.08542,-0.25327,0.1615,-0.1547,-0.24265,-0.20873,0.11784,-0.27897,-0.22176,-0.13586,-0.27005,-0.02901,0.01207,-0.021210068123666704,0.034370110391816346,0.8037225814405189,0.5936319066597013
0.02149999999999999,-0.03425000000000004,0.8232500000000004,-0.20381468071492256,0.044164286460728244,-1.6982831297292968,-0.19704,1.0171,-1.85798,-0.03367,0.99875,-1.81662,-0.11304,0.88356,-1.65931,-0.0026,0.91155,-1.67659,0.02149999999999999,-0.03425000000000004,0.8232500000000004,0.28048,0.17096,0.09042,-0.26781,0.16973,-0.15073,-0.25759,-0.2089,0.109,-0.29613,-0.21425,-0.14274,-0.28387,-0.02855,0.01137,-0.02145990050140199,0.03636983137166777,0.7929763233738001,0.6077871820012636
0.01824999999999995,-0.03249999999999997,0.7427500000000004,-0.21042163892016477,0.07243493113474937,-1.564669922884955,-0.18291,0.97361,-1.77951,-0.01884,0.92857,-1.74215,-0.13473,0.82947,-1.5602,-0.01432,0.83246,-1.5763,0.01824999999999995,-0.03249999999999997,0.7427500000000004,0.29645,0.17094,0.09179,-0.28018,0.17764,-0.14714,-0.27204,-0.20834,0.10051,-0.31254,-0.20671,-0.14629,-0.2987,-0.02815,0.0107,-0.021740041990931658,0.03887007507762252,0.7829715123109365,0.6204611984219621
0.015750000000000052,-0.030249999999999982,0.6157499999999996,-0.17489191389971465,0.04392417114612388,-1.432270498472286,-0.17049,0.92765,-1.69557,-0.00986,0.86975,-1.6817,-0.15352,0.78107,-1.47131,-0.02813,0.7573,-1.47598,0.015750000000000052,-0.030249999999999982,0.6157499999999996,0.31019,0.17091,0.09295,-0.29309,0.18519,-0.1448,-0.283,-0.20774,0.09263,-0.3264,-0.19949,-0.15082,-0.31229,-0.02782,0.01007,-0.021720048304355144,0.041240091716003964,0.7734417200976262,0.6321514058746824
0.013500000000000057,-0.026500000000000003,0.4599999999999993,-0.12177020155591663,0.008314774067535115,-1.2536323804897245,-0.16706,0.89288,-1.63251,-0.00754,0.82341,-1.63457,-0.16332,0.74232,-1.41217,-0.03418,0.70206,-1.40097,0.013500000000000057,-0.026500000000000003,0.4599999999999993,0.32108,0.17106,0.09229,-0.30276,0.19161,-0.14419,-0.29074,-0.20514,0.08806,-0.33515,-0.19391,-0.15307,-0.32224,-0.02752,0.00949,-0.02209992667698491,0.04275985813157804,0.7647574626918995,0.642517868257753
0.012250000000000021,-0.020499999999999987,0.28550000000000103,-0.044497345974840376,-0.03065008696974532,-1.0472955440887022,-0.16925,0.87205,-1.59748,-0.01258,0.78957,-1.6005,-0.16718,0.7133,-1.37135,-0.03583,0.66911,-1.35355,0.012250000000000021,-0.020499999999999987,0.28550000000000103,0.32859,0.17163,0.09071,-0.30824,0.19657,-0.14572,-0.29548,-0.20251,0.08582,-0.34089,-0.19085,-0.15384,-0.32846,-0.02728,0.00901,-0.02209004300272857,0.043760085187840754,0.7572514741428796,0.6512812678504782
0.010500000000000006,-0.014000000000000037,0.1119999999999996,0.028929251377784678,-0.05940902644087529,-0.8565587204309265,-0.16942,0.86002,-1.57679,-0.02656,0.77743,-1.57884,-0.15892,0.69106,-1.36238,-0.03199,0.65653,-1.33158,0.010500000000000006,-0.014000000000000037,0.1119999999999996,0.3325,0.17191,0.09012,-0.31137,0.197,-0.14993,-0.29735,-0.19667,0.08843,-0.34185,-0.1903,-0.15267,-0.33178,-0.02703,0.00867,-0.02224001563473649,0.04350003058053225,0.7510805280097969,0.6584004628556882
0.006999999999999975,-0.008000000000000021,-0.04225000000000062,0.11400101296146935,-0.04036193910871648,-0.6930487224255394,-0.17387,0.85491,-1.56866,-0.03956,0.77047,-1.55829,-0.15125,0.6736,-1.35713,-0.02658,0.65516,-1.32343,0.006999999999999975,-0.008000000000000021,-0.04225000000000062,0.33307,0.17213,0.08852,-0.31278,0.19603,-0.15391,-0.29908,-0.19175,0.09094,-0.34223,-0.1912,-0.1509,-0.33342,-0.02686,0.00845,-0.02186006170229724,0.042920121146504925,0.7459821056120629,0.6642218748353099
0.005499999999999949,-0.0032499999999999977,-0.14850000000000002,0.1541733975810375,-0.0724241428744855,-0.513994077238676,-0.18444,0.84764,-1.56349,-0.03871,0.76442,-1.54313,-0.15029,0.66688,-1.34223,-0.02539,0.65689,-1.32133,0.005499999999999949,-0.0032499999999999977,-0.14850000000000002,0.33081,0.17349,0.08506,-0.31407,0.19558,-0.15375,-0.30143,-0.19199,0.09097,-0.34415,-0.19213,-0.15051,-0.33383,-0.02675,0.00835,-0.020740045714222145,0.04156009160477687,0.741961635396541,0.6688314742065187
0.006749999999999985,0.0007500000000000128,-0.14524999999999955,0.04401332103327186,-0.040513242551374715,-0.303255025950281,-0.18,0.84278,-1.55016,-0.03264,0.76389,-1.54217,-0.15136,0.66813,-1.33705,-0.02668,0.65739,-1.32173,0.006749999999999985,0.0007500000000000128,-0.14524999999999955,0.32713,0.17281,0.0861,-0.31581,0.1956,-0.15192,-0.30222,-0.19327,0.0905,-0.34488,-0.19223,-0.15094,-0.33364,-0.02664,0.00832,-0.02045002902474679,0.0398800566018045,0.7392110491629866,0.6719809537432445
0.00899999999999998,0.007750000000000031,-0.06924999999999987,-0.06495510465463096,0.02179114649713227,-0.13892675579102223,-0.17931,0.8484,-1.55891,-0.03107,0.76733,-1.55206,-0.15411,0.67383,-1.34655,-0.02911,0.65994,-1.32963,0.00899999999999998,0.007750000000000031,-0.06924999999999987,0.325,0.17253,0.08655,-0.31448,0.19605,-0.1514,-0.30091,-0.19358,0.08975,-0.34375,-0.19177,-0.15172,-0.33235,-0.02648,0.00838,-0.02050002034525529,0.040490040184360324,0.7379107323398697,0.6733706682870515
0.00899999999999998,0.018249999999999992,-0.05175000000000041,-0.0392263051019874,-0.0005984729418702606,-0.07064049206959641,-0.17943,0.85808,-1.5757,-0.03003,0.77335,-1.56567,-0.15566,0.68224,-1.36226,-0.03,0.66492,-1.34112,0.00899999999999998,0.018249999999999992,-0.05175000000000041,0.32436,0.17231,0.08697,-0.31198,0.19626,-0.15102,-0.29898,-0.19377,0.08954,-0.34175,-0.19152,-0.15197,-0.33074,-0.02628,0.00863,-0.020889928783220685,0.041189859577829585,0.7372974864465587,0.6739877022787415
0.00825000000000001,0.029999999999999992,-0.13099999999999917,0.06247207813392315,-0.049592523412565044,-0.07168685647083267,-0.17946,0.87299,-1.59754,-0.02867,0.78538,-1.58533,-0.15656,0.69739,-1.38645,-0.02996,0.67763,-1.36221,0.00825000000000001,0.029999999999999992,-0.13099999999999917,0.32293,0.17136,0.08757,-0.30864,0.19558,-0.15053,-0.29616,-0.19476,0.08974,-0.33855,-0.19225,-0.15187,-0.32794,-0.02612,0.00911,-0.020979897897379356,0.041089800028756805,0.7369264136089498,0.6743967179214794
0.009250000000000057,0.04074999999999999,-0.2710000000000004,0.14815460971930677,-0.07796181614492811,-0.06135528927499413,-0.17797,0.89546,-1.62599,-0.02516,0.80776,-1.61797,-0.15713,0.72406,-1.42525,-0.02913,0.70359,-1.40191,0.009250000000000057,0.04074999999999999,-0.2710000000000004,0.31912,0.16928,0.08883,-0.3041,0.19376,-0.14937,-0.29154,-0.19709,0.09039,-0.33328,-0.19426,-0.15144,-0.32264,-0.02595,0.00983,-0.02072000603988264,0.039630011552150055,0.7363602146490339,0.6751101967946511
0.010999999999999985,0.047500000000000014,-0.42325,0.18948647580725506,-0.09367298285738353,-0.013748957710139108,-0.18054,0.93081,-1.67941,-0.03104,0.8495,-1.67039,-0.15438,0.76518,-1.48638,-0.02722,0.74457,-1.46269,0.010999999999999985,0.047500000000000014,-0.42325,0.31209,0.16752,0.08959,-0.2958,0.18931,-0.15082,-0.28273,-0.2003,0.09264,-0.32455,-0.19759,-0.15059,-0.31432,-0.02575,0.01074,-0.020080087653789942,0.03788016535485871,0.736183213593978,0.6754229483626895
0.012750000000000001,0.053500000000000034,-0.5542499999999991,0.21367123789363976,-0.060781661347502194,0.08128525058793783,-0.18457,0.96932,-1.73617,-0.03156,0.88901,-1.71987,-0.15136,0.81185,-1.55592,-0.0245,0.79383,-1.53408,0.012750000000000001,0.053500000000000034,-0.5542499999999991,0.30219,0.16558,0.09011,-0.28678,0.18532,-0.15072,-0.27469,-0.20368,0.09518,-0.31422,-0.20162,-0.14948,-0.30416,-0.02551,0.01173,-0.019529982351739424,0.03557996784817659,0.73627933466148,0.6754593896213984
0.015250000000000073,0.057999999999999975,-0.6455000000000002,0.21976175844670354,-0.05115529646472801,0.2612808150773356,-0.19116,1.01009,-1.79264,-0.03612,0.93449,-1.77038,-0.14953,0.86151,-1.62995,-0.02126,0.85001,-1.61192,0.015250000000000073,0.057999999999999975,-0.6455000000000002,0.28992,0.1632,0.09004,-0.27764,0.18011,-0.15167,-0.26577,-0.20699,0.09745,-0.30284,-0.20639,-0.14824,-0.29259,-0.02524,0.01288,-0.01815001172944887,0.033880021894971225,0.7374104765516745,0.6743504357991099
0.017,0.057499999999999996,-0.6684999999999997,0.22457221584732232,-0.056694712844115334,0.4183210104053513,-0.1981,1.05811,-1.85889,-0.03747,0.97995,-1.82487,-0.14387,0.91527,-1.71202,-0.01241,0.91155,-1.69546,0.017,0.057499999999999996,-0.6684999999999997,0.27637,0.1607,0.09039,-0.26661,0.17582,-0.15167,-0.25628,-0.20994,0.10105,-0.28955,-0.21138,-0.14548,-0.2801,-0.0249,0.01405,-0.01749994911197197,0.031549908256155175,0.7399278483669381,0.671718046713932
0.016249999999999945,0.053000000000000005,-0.6337499999999996,0.24455905606646236,-0.034503565388362877,0.5008381018306537,-0.20803,1.10869,-1.92743,-0.04124,1.03108,-1.88654,-0.13907,0.96861,-1.79301,-0.00252,0.97209,-1.77613,0.016249999999999945,0.053000000000000005,-0.6337499999999996,0.26318,0.15829,0.09028,-0.25501,0.17146,-0.15219,-0.24501,-0.21256,0.1043,-0.27596,-0.21596,-0.14267,-0.26758,-0.02456,0.01518,-0.0162400034469411,0.029650006293214504,0.7431501577336378,0.6682701418403527
0.01374999999999996,0.04724999999999994,-0.5862500000000006,0.2791404151402254,-0.0535983984756842,0.531742480275616,-0.21897,1.15932,-1.99471,-0.0452,1.08264,-1.94616,-0.13249,1.02064,-1.87095,0.00964,1.03289,-1.85423,0.01374999999999996,0.04724999999999994,-0.5862500000000006,0.25102,0.15613,0.09017,-0.24339,0.16719,-0.15267,-0.23374,-0.2149,0.10789,-0.2623,-0.22039,-0.13954,-0.25514,-0.02425,0.01617,-0.015040045081850697,0.027290081800778288,0.7467522383558516,0.6643719914248103
0.012250000000000021,0.04324999999999997,-0.5452500000000006,0.3183511955689045,-0.052328493513765076,0.49364107184978395,-0.23027,1.20664,-2.05472,-0.04933,1.13166,-1.99899,-0.12517,1.06983,-1.94225,0.02283,1.09285,-1.92766,0.012250000000000021,0.04324999999999997,-0.5452500000000006,0.23973,0.15412,0.09001,-0.23282,0.16304,-0.15314,-0.22335,-0.21709,0.11138,-0.2493,-0.22466,-0.13647,-0.24308,-0.02401,0.01707,-0.013620018573631995,0.024610033560725653,0.7503510232543882,0.6604409006438704
0.014000000000000037,0.039000000000000055,-0.5005000000000003,0.3461091059812912,-0.046209717597196415,0.3835975307922589,-0.24053,1.25007,-2.10595,-0.05267,1.17665,-2.04419,-0.11837,1.11564,-2.0053,0.03554,1.15127,-1.99593,0.014000000000000037,0.039000000000000055,-0.5005000000000003,0.22921,0.15211,0.08999,-0.22358,0.1592,-0.15343,-0.21421,-0.21924,0.11444,-0.23744,-0.22866,-0.13383,-0.23144,-0.02376,0.0179,-0.011859958854909116,0.02168992475235908,0.7534173862112669,0.6570777204370726
0.015249999999999986,0.03375000000000001,-0.44550000000000006,0.34308679822816635,-0.05001338995331301,0.22013585457907342,-0.24889,1.29108,-2.15097,-0.05412,1.21663,-2.08288,-0.11331,1.15897,-2.06167,0.04646,1.20571,-2.05618,0.015249999999999986,0.03375000000000001,-0.44550000000000006,0.21971,0.15008,0.09034,-0.21522,0.15591,-0.15332,-0.20635,-0.22139,0.11683,-0.22662,-0.23227,-0.13184,-0.22075,-0.02345,0.01863,-0.00992993674948333,0.018699880887748065,0.7555351874828434,0.6547658293513796
0.01374999999999996,0.028999999999999946,-0.3977499999999995,0.34101453191783043,-0.07704428767496208,0.13854776534792018,-0.25475,1.32918,-2.19011,-0.05314,1.25149,-2.11726,-0.11113,1.20121,-2.11389,0.05445,1.2502,-2.10418,0.01374999999999996,0.028999999999999946,-0.3977499999999995,0.21139,0.14814,0.09109,-0.20773,0.15339,-0.15275,-0.19954,-0.2235,0.11843,-0.21653,-0.23497,-0.13059,-0.21195,-0.02315,0.01925,-0.008200019851862092,0.0158100382753585,0.7564218312616492,0.6538415829196963
0.01299999999999999,0.025250000000000012,-0.3557499999999998,0.3298647992335056,-0.08187315922003154,0.1745167180367323,-0.26084,1.36717,-2.22805,-0.05182,1.28503,-2.14888,-0.10745,1.24139,-2.16187,0.06419,1.29592,-2.15222,0.01299999999999999,0.025250000000000012,-0.3557499999999998,0.2038,0.14634,0.09186,-0.20038,0.15099,-0.15215,-0.19318,-0.22542,0.12023,-0.20696,-0.2375,-0.12914,-0.2031,-0.0229,0.01979,-0.006680003211078315,0.012510006013561335,0.7574403641016705,0.6527503137771513
0.006000000000000016,0.022750000000000027,-0.30524999999999997,0.30943599935103394,-0.06739305547974558,0.31570310541450125,-0.26675,1.39722,-2.25699,-0.05166,1.31444,-2.17474,-0.10261,1.27318,-2.199,0.07478,1.34424,-2.19607,0.006000000000000016,0.022750000000000027,-0.30524999999999997,0.19716,0.14499,0.09228,-0.19475,0.14882,-0.15183,-0.18774,-0.22682,0.12198,-0.19929,-0.24068,-0.12768,-0.19474,-0.02263,0.02026,-0.0051800186188333845,0.009720034937270366,0.7587727272996538,0.6512623408690019
-0.003499999999999944,0.014999999999999996,-0.22749999999999992,0.277337425811887,-0.07400929371098058,0.3571159952380915,-0.28772,1.42679,-2.2885,-0.05566,1.33952,-2.19043,-0.09029,1.30344,-2.23491,0.08911,1.38114,-2.22371,-0.003499999999999944,0.014999999999999996,-0.22749999999999992,0.19159,0.14426,0.09004,-0.1894,0.14622,-0.15238,-0.18365,-0.2279,0.12508,-0.19122,-0.24361,-0.12543,-0.18969,-0.02266,0.0207,-0.0037399997052880345,0.006899999456280064,0.7615999399859271,0.647999948937606
-0.0004999999999999796,-0.0009999999999999593,-0.08450000000000055,0.24572403564476736,-0.06254498360622332,0.08652718468318762,-0.29284,1.4325,-2.29207,-0.05833,1.35656,-2.20057,-0.08284,1.32045,-2.25502,0.09941,1.4049,-2.2418,-0.0004999999999999796,-0.0009999999999999593,-0.08450000000000055,0.18806,0.14379,0.08932,-0.1888,0.14445,-0.15273,-0.18093,-0.22843,0.12683,-0.18661,-0.24531,-0.12388,-0.18643,-0.02277,0.02086,-0.002759994851372407,0.004509991586844043,0.7634385758448371,0.6458587951838344
0.01849999999999994,-0.015499999999999976,0.13774999999999968,0.25674964723969423,-0.005889024689450172,-0.4804211833638123,-0.2877,1.43045,-2.28461,-0.05426,1.35596,-2.19721,-0.08321,1.32641,-2.2571,0.09886,1.40762,-2.2421,0.01849999999999994,-0.015499999999999976,0.13774999999999968,0.18821,0.1431,0.08992,-0.18983,0.14408,-0.15202,-0.18193,-0.22924,0.12681,-0.18608,-0.24575,-0.124,-0.1862,-0.02268,0.02066,-0.0015199992524645516,0.0023399988491888493,0.7627396248847447,0.6466996819531747
0.04849999999999993,-0.03125000000000003,0.4500000000000004,0.19085379655955478,0.07196012429218973,-1.3600886436086028,-0.26303,1.409,-2.24788,-0.03705,1.33273,-2.17858,-0.09819,1.32405,-2.23726,0.07701,1.37914,-2.21563,0.04849999999999993,-0.03125000000000003,0.4500000000000004,0.19357,0.14163,0.09278,-0.19541,0.14585,-0.14903,-0.1878,-0.23137,0.12368,-0.1907,-0.24439,-0.12762,-0.1901,-0.02203,0.02024,0.0005100003609018832,0.0005400003821314057,0.7572105358402254,0.6531704622162412
0.06849999999999998,-0.06450000000000006,0.8637499999999999,0.04582645458626371,0.02146241644433434,-2.535411073201998,-0.21504,1.35615,-2.16723,-0.0035399999999999997,1.26918,-2.12887,-0.13239,1.30004,-2.18014,0.02885,1.29765,-2.14215,0.06849999999999998,-0.06450000000000006,0.8637499999999999,0.20621,0.13972,0.09882,-0.20802,0.15139,-0.14272,-0.20195,-0.23446,0.11573,-0.20359,-0.23926,-0.13622,-0.20159,-0.02074,0.01941,0.002110008683758607,0.0004000016462101625,0.7448730655314093,0.667202745878551
0.06175,-0.09699999999999999,1.29325,0.03499913528716595,-0.10283255263483927,-3.72455812264285,-0.14342,1.2685,-2.0325,0.04848,1.15719,-2.03516,-0.1903,1.24855,-2.07859,-0.0401,1.15503,-2.00858,0.06175,-0.09699999999999999,1.29325,0.22812,0.13742,0.10997,-0.22863,0.16225,-0.13115,-0.22602,-0.23825,0.10033,-0.22545,-0.22773,-0.15098,-0.22203,-0.01929,0.01766,0.00146000040690217,0.00010000002787001166,0.7231302015364153,0.6907101925009576
0.03300000000000004,-0.10574999999999998,1.5880000000000005,-0.01822293644301253,-0.18775346854703792,-4.55065929334792,-0.06879,1.16297,-1.84861,0.10728,1.0212,-1.89786,-0.2515,1.16216,-1.91897,-0.10983,0.97492,-1.81387,0.03300000000000004,-0.10574999999999998,1.5880000000000005,0.25794,0.13273,0.12464,-0.25532,0.17548,-0.11495,-0.25632,-0.24262,0.0794,-0.25573,-0.21123,-0.17013,-0.24983,-0.01827,0.01553,0.0010699931108180344,-0.0016499893764951,0.6931555370977839,0.7207853592023655
-0.0027499999999999747,-0.09599999999999999,1.66925,-0.3351276548280397,-0.18554445072463943,-4.965661836561597,-0.01028,1.05879,-1.65023,0.16544,0.87598,-1.72581,-0.31606,1.04531,-1.7224,-0.16115,0.77088,-1.5675,-0.0027499999999999747,-0.09599999999999999,1.66925,0.29164,0.12647,0.1391,-0.28214,0.18978,-0.09508,-0.28892,-0.24421,0.05246,-0.28903,-0.18952,-0.18917,-0.28247,-0.01797,0.01343,-0.0015000016994278882,-0.0023600026737665442,0.6573607447572778,0.7535708537585825
-0.027250000000000017,-0.08424999999999999,1.5585000000000002,-0.6031695269250206,0.0736919584188102,-5.102878794742568,0.04474,0.98466,-1.50101,0.21942,0.74957,-1.55458,-0.37755,0.89273,-1.50372,-0.19517,0.55626,-1.28617,-0.027250000000000017,-0.08424999999999999,1.5585000000000002,0.32471,0.12111,0.15546,-0.29848,0.20182,-0.07364,-0.31705,-0.23709,0.0217,-0.32158,-0.16384,-0.20605,-0.31465,-0.01838,0.01169,-0.0064899946619815865,0.00021999981905022323,0.6182694914735524,0.7859393535651475
-0.02574999999999999,-0.07125000000000001,1.32675,-0.5005948822433518,0.2417133860421069,-4.84144161472639,0.10644,0.90999,-1.35212,0.26192,0.71097,-1.47263,-0.43276,0.74112,-1.36524,-0.21966,0.34299,-1.02794,-0.02574999999999999,-0.07125000000000001,1.32675,0.35398,0.11637,0.1758,-0.31127,0.2014,-0.05704,-0.32951,-0.21273,-0.00519,-0.33961,-0.13028,-0.21936,-0.33596,-0.01906,0.01006,-0.009840002462460924,0.006830001709208142,0.5771501444318418,0.8165502043417142
-0.006999999999999975,-0.036499999999999984,1.0499999999999996,-0.03705882664020919,0.26951412961372045,-4.393231529940172,0.12593,0.87865,-1.32074,0.23372,0.76269,-1.5126,-0.3922,0.68091,-1.36742,-0.2055,0.19641,-0.90052,-0.006999999999999975,-0.036499999999999984,1.0499999999999996,0.37778,0.12054,0.1825,-0.31386,0.19142,-0.06764,-0.32355,-0.19248,0.00852,-0.34168,-0.09708,-0.21575,-0.34395,-0.01941,0.00884,-0.011310066610833459,0.010820063724952964,0.5393831767065739,0.8419149584727496
0.01650000000000002,0.006999999999999975,0.7862499999999994,0.5193609587799384,0.14541094011293673,-4.201122803285016,0.09986,0.96442,-1.47862,0.17273,0.88353,-1.64513,-0.33773,0.70637,-1.50011,-0.18466,0.20189,-1.01853,0.01650000000000002,0.006999999999999975,0.7862499999999994,0.39598,0.12314,0.17211,-0.29579,0.17574,-0.09086,-0.3014,-0.17979,0.03343,-0.32544,-0.08087,-0.20547,-0.33095,-0.01934,0.0086,-0.006699998102895806,0.012489996463458001,0.5033098574878341,0.8639897553613354
0.036000000000000004,0.018750000000000017,0.5710000000000006,0.6637596134204374,-0.24935654399171073,-4.118009596811778,0.02472,1.17601,-1.72116,0.13781,1.03932,-1.81964,-0.28685,0.78441,-1.68579,-0.16433,0.32478,-1.28721,0.036000000000000004,0.018750000000000017,0.5710000000000006,0.40923,0.10723,0.1485,-0.26161,0.15963,-0.10547,-0.26999,-0.17683,0.05805,-0.29839,-0.08658,-0.19365,-0.30362,-0.01875,0.00912,-5.999986061748573e-05,0.008579980068300455,0.46693891527881287,0.8842479458501954
0.03949999999999995,-0.001749999999999972,0.411750000000001,0.39265917378978904,-0.5022885997869337,-4.077843183273631,-0.04305,1.33989,-1.90121,0.12865,1.20541,-1.9685,-0.2301,0.84219,-1.82532,-0.12633,0.48789,-1.5414,0.03949999999999995,-0.001749999999999972,0.411750000000001,0.41882,0.09943,0.13205,-0.23296,0.14168,-0.1117,-0.24039,-0.17505,0.0802,-0.27484,-0.10811,-0.17822,-0.27911,-0.0179,0.00935,0.0032999994333901455,0.002019999653166089,0.430609926064282,0.9025298450356389
0.027749999999999997,-0.024499999999999997,0.2727499999999994,0.0520191724465773,-0.5176629414847324,-4.128529907556484,-0.09855,1.41181,-2.00558,0.14977,1.33506,-2.03805,-0.17768,0.84945,-1.87861,-0.06984,0.63455,-1.70299,0.027749999999999997,-0.024499999999999997,0.2727499999999994,0.4257,0.10226,0.12085,-0.21864,0.124,-0.10926,-0.22412,-0.17083,0.09623,-0.26341,-0.13299,-0.16089,-0.26676,-0.01717,0.00905,0.0028900074757365075,-0.003980010295304948,0.3933810175796634,0.9193623781637076
0.012750000000000001,-0.03700000000000001,0.11224999999999985,-0.161661238186752,-0.396468518090244,-4.215371219655911,-0.15687,1.42904,-2.05055,0.17971,1.39887,-2.05557,-0.12998,0.82081,-1.8733,-0.00773,0.73594,-1.77789,0.012750000000000001,-0.03700000000000001,0.11224999999999985,0.42973,0.10656,0.10907,-0.21569,0.11358,-0.10379,-0.2189,-0.16423,0.1087,-0.26097,-0.15248,-0.14405,-0.2646,-0.01679,0.00837,-5.999988818431259e-05,-0.008039985016697884,0.3547193389456559,0.9349382576506866
0.0032499999999999543,-0.039500000000000014,-0.08225000000000038,-0.18071638442005677,-0.25195796495406786,-4.296095973756743,-0.19947,1.41717,-2.05908,0.19697,1.41411,-2.05101,-0.08917,0.78791,-1.84422,0.03883,0.80025,-1.80285,0.0032499999999999543,-0.039500000000000014,-0.08225000000000038,0.43019,0.11044,0.09984,-0.21809,0.10968,-0.10014,-0.21921,-0.15897,0.11891,-0.26254,-0.1667,-0.13172,-0.26649,-0.01666,0.00757,-0.0035399866595854108,-0.01021996148614771,0.3145888144742865,0.9491664230730745
-0.0009999999999999593,-0.03800000000000001,-0.2925000000000011,-0.10546806881666183,-0.1518878309236535,-4.356932434604529,-0.22912,1.40411,-2.06593,0.1983,1.41936,-2.05436,-0.05288,0.7751,-1.8304,0.06163,0.84711,-1.82329,-0.0009999999999999593,-0.03800000000000001,-0.2925000000000011,0.42644,0.11425,0.09331,-0.21975,0.10918,-0.10002,-0.21844,-0.15713,0.12827,-0.26185,-0.17657,-0.12578,-0.26575,-0.01666,0.00679,-0.005910006767257124,-0.01143001308794398,0.27320031282819734,0.9618711013911353
-0.002499999999999985,-0.03525,-0.4997500000000002,-0.03389249989570517,-0.08168979318434871,-4.406389438451199,-0.24617,1.39109,-2.07509,0.18418,1.42168,-2.06515,-0.02369,0.78744,-1.84035,0.06858,0.88387,-1.84319,-0.002499999999999985,-0.03525,-0.4997500000000002,0.41849,0.11842,0.08961,-0.22031,0.11056,-0.10338,-0.21612,-0.15925,0.13592,-0.25794,-0.18369,-0.12414,-0.26329,-0.0167,0.00605,-0.007369986973559537,-0.012089978630981657,0.2307995920620816,0.9728982804038092
-0.00449999999999999,-0.0325,-0.7004999999999997,0.04704954167534699,-0.006016395232157675,-4.455048492531099,-0.24971,1.37279,-2.08441,0.15464,1.41473,-2.07609,-0.00897,0.82749,-1.87379,0.06503,0.91162,-1.86091,-0.00449999999999999,-0.0325,-0.7004999999999997,0.40645,0.12366,0.08882,-0.2205,0.11381,-0.10987,-0.21351,-0.16585,0.13975,-0.25165,-0.18861,-0.12526,-0.26014,-0.01676,0.00538,-0.00798999633019553,-0.012249994373578878,0.18747991389049534,0.9821595488942229
-0.0085,-0.031000000000000017,-0.8929999999999993,0.12060322971621337,0.07819187063074012,-4.499923051020809,-0.23902,1.34537,-2.09187,0.11447,1.38853,-2.0811,-0.01425,0.88657,-1.92306,0.04868,0.92932,-1.87546,-0.0085,-0.031000000000000017,-0.8929999999999993,0.39047,0.13043,0.091,-0.22078,0.11993,-0.11824,-0.21212,-0.17514,0.13853,-0.24444,-0.19128,-0.12962,-0.25637,-0.01688,0.00475,-0.007530009315756788,-0.011720014499424907,0.143300177283924,0.9895812242611689
-0.014500000000000016,-0.030249999999999992,-1.078499999999999,0.16827528149856882,0.16200957961128318,-4.53063532647392,-0.2151,1.30633,-2.09535,0.07617,1.33841,-2.07868,-0.04209,0.95037,-1.97749,0.02135,0.93684,-1.88213,-0.014500000000000016,-0.030249999999999992,-1.078499999999999,0.37073,0.13896,0.09588,-0.22139,0.12979,-0.12602,-0.21298,-0.18442,0.13207,-0.23783,-0.19234,-0.13662,-0.25286,-0.0171,0.00414,-0.0063999939526485725,-0.010399990173053928,0.09842990699362485,0.9950690597596897
-0.02149999999999999,-0.029999999999999992,-1.25875,0.19031695328550086,0.2415372151389235,-4.5433154505126385,-0.18083,1.25369,-2.09166,0.04892,1.26453,-2.06347,-0.08871,1.00313,-2.02357,-0.01496,0.93659,-1.87866,-0.02149999999999999,-0.029999999999999992,-1.25875,0.34733,0.14934,0.10287,-0.22268,0.14295,-0.13148,-0.2172,-0.19144,0.12161,-0.23349,-0.19271,-0.14575,-0.25002,-0.01746,0.00354,-0.0047700042932442965,-0.008270007443423549,0.05315004783772209,0.9985408987371404
-0.023749999999999986,-0.030250000000000003,-1.435750000000001,0.13330272627330192,0.29308713213636967,-4.536674365842682,-0.14047,1.19035,-2.06956,0.03741,1.17491,-2.02992,-0.14314,1.03196,-2.04306,-0.05512,0.92636,-1.85914,-0.023749999999999986,-0.030250000000000003,-1.435750000000001,0.32038,0.15969,0.11097,-0.22619,0.1576,-0.13363,-0.22533,-0.19572,0.1093,-0.23374,-0.19258,-0.15589,-0.24917,-0.01796,0.00294,-0.003060003691896681,-0.005350006454786681,0.007720009314196856,0.9999512064418583
-0.01299999999999999,-0.027749999999999997,-1.6115000000000004,0.04958167200288118,0.26034476666553674,-4.51935472044889,-0.09955,1.12646,-2.00975,0.04228,1.08758,-1.97735,-0.19801,1.04408,-2.02581,-0.07973,0.91182,-1.81806,-0.01299999999999999,-0.027749999999999997,-1.6115000000000004,0.2899,0.1657,0.11899,-0.2351,0.17027,-0.13206,-0.2369,-0.20043,0.09579,-0.2398,-0.19413,-0.16255,-0.25334,-0.01841,0.00233,-0.002529999283251305,-0.002099999405070253,-0.03753998936492252,0.9992897169012633
-0.009750000000000036,0.0019999999999999944,-1.3809999999999996,0.5482375322530569,0.37185870701145046,-3.9201639265086974,-0.06756,1.07752,-1.91333,0.06714,1.02779,-1.92747,-0.22588,1.05576,-1.96417,-0.11912,0.89946,-1.76194,-0.009750000000000036,0.0019999999999999944,-1.3809999999999996,0.25592,0.1638,0.12533,-0.24958,0.17784,-0.12551,-0.24838,-0.21081,0.08674,-0.25131,-0.19841,-0.17354,-0.25779,-0.01848,0.00183,-0.0025000073505324185,0.00014000041162981545,-0.08256024274398258,0.9965829301574389
-0.036999999999999963,0.021,-0.5792499999999992,0.6849700220071464,0.3433379350841478,-2.384762373663761,-0.05905,1.10176,-1.93408,0.07857,1.0225,-1.98204,-0.2862,1.07952,-1.97682,-0.19778,0.90516,-1.83941,-0.036999999999999963,0.021,-0.5792499999999992,0.23466,0.16092,0.12769,-0.24488,0.18605,-0.1234,-0.24004,-0.21472,0.07224,-0.25081,-0.18964,-0.19086,-0.23435,-0.0188,0.00241,0.007980043998093878,0.005940032750460856,-0.11569063786209031,0.9932354762188949
-0.04749999999999997,0.0085,0.010249999999999843,0.2516297848964676,0.001279040516295371,-0.9798639348262417,-0.0487,1.14973,-2.00639,0.09699,1.04699,-2.06838,-0.32531,1.11826,-2.04322,-0.22599,0.90505,-1.88653,-0.04749999999999997,0.0085,0.010249999999999843,0.23275,0.15996,0.13086,-0.23095,0.19061,-0.12046,-0.22599,-0.21486,0.06625,-0.24024,-0.18384,-0.19558,-0.22219,-0.01996,0.00267,0.010589998261122429,0.008229998648634333,-0.12994997866221528,0.9914298372072341
-0.022250000000000048,-0.001500000000000004,0.07199999999999984,0.26969801325156656,-0.3595220988861825,-0.47971060829447604,-0.04854,1.15885,-2.0156,0.10895,1.05781,-2.09776,-0.34512,1.1422,-2.06666,-0.20865,0.91812,-1.91856,-0.022250000000000048,-0.001500000000000004,0.07199999999999984,0.23507,0.15919,0.13098,-0.22915,0.1915,-0.11834,-0.2215,-0.2171,0.06302,-0.23633,-0.18334,-0.19055,-0.21928,-0.0207,0.00275,0.013090063430674048,0.006390030964248065,-0.13510065465882842,0.9907248007667987
-0.002499999999999985,-0.0085,-0.05225000000000021,0.18321593978154307,-0.43931193965590937,-0.42032411229691913,-0.05305,1.16592,-2.00718,0.14828,1.08532,-2.12592,-0.36883,1.17556,-2.07419,-0.19769,0.93778,-1.94154,-0.002499999999999985,-0.0085,-0.05225000000000021,0.23563,0.15641,0.12989,-0.23062,0.18877,-0.11035,-0.21894,-0.22331,0.05819,-0.23464,-0.18547,-0.18736,-0.21698,-0.02085,0.00261,0.01694999108939203,0.0016999991063107048,-0.1393299267542768,0.9900994795048405
0.0027499999999999747,-0.010999999999999996,-0.20400000000000001,-0.0026651976950327087,-0.26675842287863505,-0.2957020322404974,-0.05132,1.19503,-2.02388,0.17223,1.11239,-2.13188,-0.38307,1.19396,-2.08263,-0.18945,0.96118,-1.96954,0.0027499999999999747,-0.010999999999999996,-0.20400000000000001,0.23298,0.15228,0.13048,-0.2267,0.18383,-0.10531,-0.21915,-0.22612,0.05559,-0.23295,-0.18784,-0.18465,-0.21334,-0.0208,0.00241,0.01795995262799343,-0.0019299949093556413,-0.14327962207900324,0.9895173900028984
0.00999999999999994,-0.013999999999999993,-0.3185,-0.13970373018458093,-0.07820849962823245,0.022477715996893993,-0.04969,1.21382,-2.04094,0.17946,1.13088,-2.14122,-0.39149,1.21893,-2.11074,-0.18584,0.98015,-1.99413,0.00999999999999994,-0.013999999999999993,-0.3185,0.22747,0.15059,0.13102,-0.22311,0.18109,-0.10406,-0.21771,-0.22759,0.05572,-0.22794,-0.18949,-0.18307,-0.20956,-0.02074,0.00217,0.01765007228425405,-0.0036900151121188355,-0.14509059420523626,0.9892540513993382
0.02100000000000001,-0.014750000000000001,-0.3342499999999998,-0.3087094814650868,0.1119482354421077,0.4553105015028192,-0.04858,1.22989,-2.06342,0.18275,1.14628,-2.15612,-0.3816,1.25062,-2.14904,-0.17943,1.00079,-2.02138,0.02100000000000001,-0.014750000000000001,-0.3342499999999998,0.22024,0.15034,0.13148,-0.21879,0.17966,-0.10387,-0.21505,-0.22894,0.06076,-0.2209,-0.19116,-0.18086,-0.20564,-0.0204,0.00185,0.015420059076672498,-0.003870014826635705,-0.14280054709136403,0.9896237914044512
0.022750000000000027,-0.007250000000000003,-0.20524999999999988,-0.40886314715223526,0.16785822913038762,0.8264076132495132,-0.04873,1.24185,-2.09039,0.18353,1.16284,-2.17392,-0.36147,1.26347,-2.17082,-0.16278,1.02536,-2.05009,0.022750000000000027,-0.007250000000000003,-0.20524999999999988,0.2141,0.15164,0.13168,-0.21402,0.17838,-0.10433,-0.21171,-0.2286,0.06665,-0.21674,-0.19347,-0.17657,-0.20272,-0.0199,0.00158,0.011250001509750304,-0.00221000029658206,-0.13609001826328165,0.9906301329425727
0.011250000000000062,0.00025000000000000066,0.043999999999999595,-0.565721557338686,0.10537543822439455,1.0730853914419745,-0.05324,1.2442,-2.10713,0.1773,1.17538,-2.17952,-0.33498,1.26747,-2.18183,-0.14013,1.04905,-2.0677,0.011250000000000062,0.00025000000000000066,0.043999999999999595,0.21203,0.15349,0.13086,-0.21162,0.17654,-0.10587,-0.21015,-0.22794,0.07304,-0.21425,-0.19671,-0.1715,-0.20241,-0.01949,0.00156,0.006909993933718989,-0.0014599987182676878,-0.12643988899847017,0.9919491291682418
-0.012750000000000001,0.005499999999999998,0.3567500000000001,-0.42450683852234417,0.040842122713433994,1.249642888129434,-0.05442,1.22502,-2.09557,0.16792,1.16856,-2.14927,-0.2913,1.25024,-2.16442,-0.10503,1.05976,-2.0562,-0.012750000000000001,0.005499999999999998,0.3567500000000001,0.21586,0.15588,0.13047,-0.21433,0.17438,-0.10691,-0.21503,-0.22684,0.08136,-0.21626,-0.20036,-0.16453,-0.20867,-0.01945,0.00159,-0.00019999975074046602,-0.0014199982302573085,-0.11478985693749046,0.9933887619403575
-0.043500000000000046,0.011500000000000003,0.6740000000000003,-0.040408593132979946,0.033106371912314206,1.3609420000426398,-0.06691,1.17699,-2.04801,0.14071,1.13591,-2.08091,-0.24658,1.19956,-2.10521,-0.07616,1.04922,-2.01063,-0.043500000000000046,0.011500000000000003,0.6740000000000003,0.2263,0.15965,0.12715,-0.22481,0.17286,-0.11097,-0.22578,-0.2243,0.08816,-0.22572,-0.20342,-0.15907,-0.22011,-0.02,0.00178,-0.0015800045098923092,-0.0015500044242614426,-0.10160029000320166,0.9948228395766248
-0.06550000000000002,0.014500000000000006,0.9175000000000002,0.012043261857581993,0.09492573417137455,1.3767333071254109,-0.08143,1.10563,-1.96884,0.10835,1.08148,-1.98296,-0.20139,1.12092,-2.00871,-0.04967,1.01436,-1.93057,-0.06550000000000002,0.014500000000000006,0.9175000000000002,0.24282,0.1649,0.12265,-0.24099,0.17244,-0.11632,-0.24124,-0.21999,0.09465,-0.24157,-0.20529,-0.15391,-0.23714,-0.02119,0.00205,-0.0010400053222928557,-0.0008600044011267845,-0.08771044886375613,0.9961450978353897
-0.07,0.01774999999999999,1.0162499999999999,-0.031780332537252445,0.09098328318203401,1.297549091309099,-0.09153,1.02508,-1.87061,0.08125,1.0163,-1.86821,-0.15906,1.03179,-1.8919,-0.02435,0.96284,-1.82685,-0.07,0.01774999999999999,1.0162499999999999,0.263,0.17073,0.11858,-0.25952,0.17261,-0.1212,-0.25934,-0.21476,0.10147,-0.26027,-0.20626,-0.1483,-0.25758,-0.02262,0.00236,-0.001490006608938971,0.00032000141936944346,-0.0741703289832238,0.9972444232874492
-0.06424999999999999,0.0205,0.9642499999999998,-0.017109930003520506,0.02809822434249508,1.1713032349723118,-0.09993,0.94807,-1.76671,0.05927,0.95178,-1.75075,-0.12673,0.94875,-1.77432,-0.005,0.90811,-1.71843,-0.06424999999999999,0.0205,0.9642499999999998,0.28347,0.17592,0.11461,-0.27794,0.17257,-0.12571,-0.27732,-0.20996,0.10729,-0.27848,-0.207,-0.14339,-0.27738,-0.02399,0.00276,-0.0018100084452476065,0.0008700040593179104,-0.061830288491524596,0.9980846569241608
-0.05674999999999994,0.020249999999999997,0.8112499999999995,-0.0007919992942765848,-0.01106330311578845,1.0499353334506203,-0.10785,0.88288,-1.67259,0.04488,0.89948,-1.65064,-0.10446,0.88031,-1.67068,0.00947,0.86036,-1.62313,-0.05674999999999994,0.020249999999999997,0.8112499999999995,0.30157,0.1801,0.11075,-0.29383,0.17199,-0.12898,-0.29217,-0.20625,0.11171,-0.29393,-0.2077,-0.13922,-0.29379,-0.02519,0.00318,-0.0018799948347212876,0.000819997747059285,-0.05078986045505011,0.9987072560555835
-0.049999999999999954,0.018999999999999996,0.6177500000000002,0.022796474093674614,-0.03940559509069839,0.9563821626153645,-0.1113,0.8352,-1.60401,0.03835,0.86158,-1.57572,-0.09281,0.8323,-1.58962,0.02108,0.82313,-1.55135,-0.049999999999999954,0.018999999999999996,0.6177500000000002,0.31592,0.18357,0.10853,-0.3048,0.17127,-0.13044,-0.30311,-0.20458,0.11396,-0.30574,-0.20783,-0.13558,-0.30575,-0.02626,0.00357,-0.001830005520951984,0.000610001840317328,-0.04086012327109184,0.9991630143794451
-0.044000000000000025,0.018250000000000006,0.41725000000000095,0.04493045673620564,-0.07677432131324358,0.8880817516125057,-0.1117,0.80073,-1.55434,0.03622,0.83585,-1.523,-0.08814,0.80461,-1.53257,0.03039,0.79558,-1.50377,-0.044000000000000025,0.018250000000000006,0.41725000000000095,0.32628,0.18625,0.10756,-0.31236,0.1705,-0.1308,-0.31074,-0.20516,0.11463,-0.31392,-0.20699,-0.13251,-0.31361,-0.02719,0.00394,-0.001399995917057861,1.999994167225517e-05,-0.03167990760885217,0.9994970850709517
-0.040000000000000015,0.018249999999999992,0.21749999999999964,0.0557058419249267,-0.10515963172615554,0.8308719409933529,-0.10918,0.77815,-1.52246,0.03573,0.8176,-1.48794,-0.08422,0.79093,-1.49717,0.03418,0.77698,-1.47327,-0.040000000000000015,0.018249999999999992,0.21749999999999964,0.33261,0.18818,0.10783,-0.31694,0.17034,-0.13077,-0.31581,-0.20661,0.11543,-0.31876,-0.20613,-0.13117,-0.31838,-0.02802,0.0043,-0.0008800018630539165,-0.0009200019477381854,-0.023110048926336373,0.9997321165351044
-0.036000000000000004,0.018749999999999996,0.024249999999999272,0.07263558442452715,-0.11605075354199383,0.7607660549381878,-0.10582,0.76661,-1.50551,0.03544,0.80378,-1.47025,-0.07891,0.78494,-1.47822,0.03366,0.76841,-1.45758,-0.036000000000000004,0.018749999999999996,0.024249999999999272,0.33498,0.18909,0.10863,-0.31922,0.17172,-0.13077,-0.31843,-0.20782,0.11691,-0.32106,-0.20599,-0.13126,-0.32057,-0.02879,0.00467,-0.00022000094022002736,-0.002070008846615712,-0.015070064405071873,0.9998842732145498
-0.030750000000000048,0.020000000000000007,-0.14625000000000055,0.10361076322752513,-0.07193972504761582,0.6372616608649535,-0.09792,0.76362,-1.49501,0.03326,0.79396,-1.46345,-0.07161,0.78248,-1.46962,0.0256,0.76672,-1.45332,-0.030750000000000048,0.020000000000000007,-0.14625000000000055,0.33358,0.18837,0.111,-0.32022,0.17369,-0.13143,-0.31934,-0.20846,0.11917,-0.32174,-0.20615,-0.13383,-0.32048,-0.02946,0.00505,0.0006400021793391317,-0.0032200109648000065,-0.007900026901217407,0.9999634050811845
-0.02224999999999996,0.022250000000000002,-0.24025000000000019,0.07313362310384545,0.0696376684993456,0.44128719033467756,-0.08297,0.76148,-1.48159,0.02579,0.78775,-1.4542,-0.06798,0.77886,-1.46809,0.01789,0.7664,-1.45114,-0.02224999999999996,0.022250000000000002,-0.24025000000000019,0.32913,0.1869,0.11562,-0.32113,0.17411,-0.13378,-0.32004,-0.20757,0.12032,-0.32173,-0.20641,-0.13629,-0.32009,-0.03002,0.00547,0.0018999989080709413,-0.003479998000045724,-0.0023299986609501546,0.9999894253062425
-0.01474999999999992,0.024499999999999997,-0.18924999999999914,-0.008310317584403995,0.20209211103027433,0.22485617050213633,-0.07849,0.75474,-1.47313,0.02062,0.78393,-1.45135,-0.06584,0.7756,-1.47318,0.01802,0.76731,-1.45659,-0.01474999999999992,0.024499999999999997,-0.18924999999999914,0.32397,0.18766,0.11697,-0.32204,0.17485,-0.13542,-0.32003,-0.20571,0.12105,-0.32093,-0.2058,-0.13626,-0.31936,-0.03035,0.00594,0.002119990866145029,-0.0018099922017558974,0.0009199960362516165,0.999995691577844
-0.014500000000000016,0.022750000000000006,-0.05199999999999927,-0.042276097814397146,0.14479287928335613,0.0792308324066854,-0.07959,0.75439,-1.4831,0.01848,0.78569,-1.46273,-0.06527,0.77527,-1.48437,0.01857,0.76956,-1.46925,-0.014500000000000016,0.022750000000000006,-0.05199999999999927,0.32156,0.18937,0.11672,-0.32071,0.17618,-0.13613,-0.3183,-0.20379,0.12133,-0.31935,-0.20444,-0.13612,-0.31765,-0.03061,0.00645,0.001739993024294949,0.0005699977148552419,0.0021599913405040746,0.9999959909741086
-0.01749999999999998,0.01724999999999999,0.02849999999999936,-0.04198799028527611,-0.0001263890225686793,0.020523781279043713,-0.08047,0.75807,-1.49463,0.01783,0.78932,-1.47295,-0.06531,0.77625,-1.49089,0.01872,0.77128,-1.47615,-0.01749999999999998,0.01724999999999999,0.02849999999999936,0.32189,0.19004,0.11657,-0.31913,0.17673,-0.13637,-0.31681,-0.20304,0.12138,-0.31844,-0.20386,-0.13609,-0.3167,-0.03093,0.00685,0.0012799941910795437,0.001089995053341174,0.0024999886544522336,0.9999954617808934
-0.019000000000000093,0.011749999999999998,0.02299999999999941,-0.032359841794554804,-0.05408658678970204,0.004466270052860724,-0.08075,0.75986,-1.49866,0.01769,0.79096,-1.47638,-0.06535,0.77707,-1.493,0.01873,0.77217,-1.47817,-0.019000000000000093,0.011749999999999998,0.02299999999999941,0.3227,0.19012,0.11653,-0.31856,0.17678,-0.13642,-0.31631,-0.20296,0.12138,-0.31814,-0.20381,-0.13609,-0.31641,-0.03131,0.00714,0.0008999965171102177,0.0005699977941698046,0.0025699900544147326,0.9999961301224641
-0.01749999999999998,0.006750000000000007,-0.016750000000000098,-0.01989548643672965,-0.04055155738517934,0.00047494657284665636,-0.08082,0.76037,-1.49981,0.01764,0.79148,-1.47741,-0.06534,0.77758,-1.49405,0.01872,0.77261,-1.47904,-0.01749999999999998,0.006750000000000007,-0.016750000000000098,0.32281,0.19014,0.11652,-0.3184,0.17679,-0.13644,-0.31616,-0.20295,0.1214,-0.31798,-0.20381,-0.1361,-0.31629,-0.03169,0.00732,0.0006299977619054264,9.999964474689313e-06,0.0025899907989445307,0.9999964474689309
-0.01499999999999991,0.0017499999999999937,-0.05975000000000008,-0.00896890933677818,-0.012020078699512611,-0.005007436131087135,-0.08088,0.76181,-1.50333,0.0176,0.79355,-1.48192,-0.06544,0.78021,-1.49968,0.01867,0.77488,-1.48399,-0.01499999999999991,0.0017499999999999937,-0.05975000000000008,0.32203,0.19024,0.11655,-0.3179,0.17688,-0.13646,-0.31551,-0.20287,0.12142,-0.31718,-0.20372,-0.13612,-0.31557,-0.03201,0.00741,0.0004999982590090933,-0.00023999916432436476,0.002579991016486921,0.9999965180181865
-0.013750000000000047,-0.003749999999999999,-0.09099999999999941,-0.014017194153299615,0.007970831183557209,-0.013999274263047916,-0.08086,0.76581,-1.51233,0.01786,0.79766,-1.491,-0.06565,0.78543,-1.51076,0.01873,0.77967,-1.49448,-0.013750000000000047,-0.003749999999999999,-0.09099999999999941,0.32042,0.19041,0.11666,-0.31659,0.17708,-0.1364,-0.31423,-0.20272,0.12146,-0.31559,-0.20353,-0.13613,-0.31407,-0.03229,0.00739,0.0004499985475195324,-0.00022999925762109434,0.0024899919629414124,0.9999967722656276
-0.014250000000000027,-0.0085,-0.10349999999999943,-0.021532405929432237,0.014955835769621232,-0.020998083760069616,-0.08018,0.77104,-1.52414,0.01891,0.80272,-1.5025,-0.06535,0.79103,-1.52307,0.01938,0.78509,-1.50685,-0.014250000000000027,-0.0085,-0.10349999999999943,0.31839,0.19064,0.11701,-0.31482,0.17738,-0.1361,-0.31267,-0.20249,0.12167,-0.31377,-0.20324,-0.13596,-0.31234,-0.03256,0.00726,0.00021999941207435678,-7.999978620885701e-05,0.002299993853504639,0.9999973276107126
-0.01625000000000012,-0.012000000000000009,-0.1020000000000007,-0.012525825088824013,0.011975927499485433,-0.021498265755106296,-0.0793,0.77714,-1.5378,0.02025,0.80831,-1.51523,-0.06491,0.79697,-1.53615,0.0202,0.7906,-1.51966,-0.01625000000000012,-0.012000000000000009,-0.1020000000000007,0.31628,0.19088,0.11745,-0.31275,0.17772,-0.13572,-0.31095,-0.20225,0.12193,-0.31182,-0.2029,-0.13575,-0.31055,-0.03286,0.00705,1.9999957098138044e-05,6.999984984348315e-05,0.0020699955596572873,0.9999978549069022
-0.01849999999999994,-0.013750000000000004,-0.09600000000000025,-0.01201584738576537,0.006975535261245693,-0.019998949073674027,-0.07859,0.78331,-1.55173,0.02144,0.81409,-1.52843,-0.06457,0.80285,-1.54923,0.02092,0.79615,-1.53264,-0.01849999999999994,-0.013750000000000004,-0.09600000000000025,0.31431,0.19114,0.11783,-0.31064,0.17807,-0.13539,-0.30913,-0.202,0.12216,-0.30986,-0.20255,-0.13556,-0.30871,-0.03321,0.00678,-2.9999947149139662e-05,0.00015999971812874486,0.0018699967056297053,0.9999982383046554
-0.01999999999999988,-0.013749999999999981,-0.09349999999999914,-0.016011327954399728,0.004469511867368572,-0.01849752064929496,-0.07757,0.78942,-1.56568,0.02295,0.81989,-1.54174,-0.0639,0.80867,-1.56234,0.02198,0.80149,-1.54532,-0.01999999999999988,-0.013749999999999981,-0.09349999999999914,0.31244,0.19141,0.11831,-0.30848,0.17843,-0.13497,-0.30732,-0.20172,0.1225,-0.30787,-0.20219,-0.13528,-0.30694,-0.0336,0.0065,-0.00021999968304668501,0.00020999969745365388,0.0016699975940362,0.9999985593031135
-0.02100000000000001,-0.013250000000000001,-0.09424999999999989,-0.01350990124489678,0.003974035070692479,-0.01549800627752586,-0.0767,0.7951,-1.57895,0.02431,0.82577,-1.55528,-0.06334,0.81424,-1.57509,0.02293,0.80695,-1.55829,-0.02100000000000001,-0.013250000000000001,-0.09424999999999989,0.31057,0.19171,0.11873,-0.30643,0.1788,-0.1346,-0.30544,-0.20142,0.12279,-0.30592,-0.20183,-0.13503,-0.3051,-0.03401,0.00623,-0.0003499995738757782,0.0002499996956255559,0.0014999981737533355,0.9999987825022235
-0.022250000000000048,-0.011500000000000008,-0.09650000000000075,-0.0010081228467677737,0.003494467536226973,-0.011500950435318034,-0.07587,0.8005,-1.5918,0.02561,0.83139,-1.5684,-0.06276,0.81959,-1.58757,0.02388,0.81237,-1.57123,-0.022250000000000048,-0.011500000000000008,-0.09650000000000075,0.30867,0.19203,0.11913,-0.30443,0.17917,-0.13425,-0.3036,-0.20111,0.12308,-0.30399,-0.20146,-0.13478,-0.30325,-0.03444,0.00597,-0.0004899994674198683,0.0002899996847995139,0.00135999852181841,0.999998913101772
-0.023500000000000083,-0.0085,-0.09549999999999975,-0.02999773299032733,-0.003043977692919917,-0.006489814421175675,-0.07577,0.8059,-1.60493,0.0262,0.83668,-1.58106,-0.0628,0.82503,-1.60047,0.02424,0.81772,-1.58419,-0.023500000000000083,-0.0085,-0.09549999999999975,0.30671,0.19238,0.11932,-0.30242,0.17957,-0.13412,-0.30176,-0.20076,0.1232,-0.30204,-0.20107,-0.13472,-0.30133,-0.0349,0.00577,-0.000369999657343476,0.00031999970364841174,0.001269998823854634,0.9999990739012865
-0.02349999999999991,-0.003749999999999999,-0.08900000000000019,-0.050476394241463274,-0.019565568191795488,-0.003976615486438778,-0.07429,0.81106,-1.61737,0.02818,0.84072,-1.59111,-0.06132,0.8302,-1.61263,0.02611,0.82243,-1.59563,-0.02349999999999991,-0.003749999999999999,-0.08900000000000019,0.30485,0.1927,0.11991,-0.30041,0.17994,-0.13357,-0.30042,-0.20044,0.12376,-0.30008,-0.20072,-0.1342,-0.29977,-0.03538,0.00563,-0.0010899984991276002,0.00022999968330215413,0.0012299983063549982,0.999998623052844
-0.023749999999999986,0.0022500000000000167,-0.08449999999999985,-0.03449603228069377,-0.005053317755319351,-0.009986580920330541,-0.07395,0.81623,-1.62889,0.02893,0.84542,-1.6014,-0.06103,0.83572,-1.62455,0.02679,0.82737,-1.60655,-0.023749999999999986,0.0022500000000000167,-0.08449999999999985,0.30315,0.19288,0.12014,-0.29861,0.18014,-0.13339,-0.29892,-0.20027,0.12395,-0.29822,-0.20053,-0.13404,-0.29816,-0.03584,0.00562,-0.0013799977054797226,-6.999988361129028e-05,0.001189998021391935,0.9999983373041469
-0.023000000000000104,0.007999999999999998,-0.09025000000000005,-0.060520204192663914,0.01839824203406474,-0.02152965621109388,-0.07372,0.82089,-1.64133,0.02962,0.85061,-1.61469,-0.06107,0.84056,-1.63702,0.0271,0.83067,-1.61657,-0.023000000000000104,0.007999999999999998,-0.09025000000000005,0.30147,0.19333,0.12035,-0.29666,0.18066,-0.13324,-0.29697,-0.19982,0.12406,-0.29631,-0.19999,-0.13399,-0.29666,-0.03633,0.00572,-0.001779996220894035,0.00012999972399787898,0.0010299978132139644,0.9999978769067613
-0.02100000000000001,0.013250000000000001,-0.10249999999999981,-0.0805238998805835,0.01887269450303885,-0.025022899005620353,-0.07162,0.82938,-1.65994,0.03086,0.8554,-1.62705,-0.06081,0.84552,-1.64925,0.02771,0.83591,-1.62991,-0.02100000000000001,0.013250000000000001,-0.10249999999999981,0.29954,0.19357,0.12118,-0.2936,0.18115,-0.13293,-0.29519,-0.19944,0.12425,-0.29439,-0.19952,-0.13387,-0.29466,-0.03676,0.00594,-0.0025899904485213367,0.0002999988936511201,0.0007599971972495043,0.9999963121704003
-0.020749999999999935,0.015999999999999997,-0.10825000000000001,-0.06202364952170001,0.021903796876185228,-0.019037979901625122,-0.07008,0.83371,-1.67122,0.03172,0.86068,-1.64041,-0.06084,0.85151,-1.66342,0.028,0.84094,-1.64293,-0.020749999999999935,0.015999999999999997,-0.10825000000000001,0.29737,0.19394,0.12176,-0.29171,0.18164,-0.13274,-0.29321,-0.19908,0.12438,-0.29218,-0.19905,-0.13384,-0.29267,-0.03717,0.00625,-0.0033900135038066864,0.0005100020315461387,0.0005300021112146147,0.9999939833839672
-0.020500000000000032,0.015999999999999997,-0.1072500000000004,-0.06500958502897296,0.0044146685835603616,-0.014982001098345207,-0.07022,0.83706,-1.68094,0.03175,0.8664,-1.65453,-0.06154,0.85662,-1.67623,0.02766,0.84518,-1.65458,-0.020500000000000032,0.015999999999999997,-0.1072500000000004,0.29521,0.19437,0.12183,-0.29019,0.18212,-0.13281,-0.29102,-0.19867,0.1243,-0.29022,-0.19856,-0.13399,-0.29083,-0.03759,0.00658,-0.003830008883715909,0.0007400017164359719,0.0003800008814130667,0.9999923194848751
-0.020249999999999956,0.014750000000000006,-0.11499999999999982,-0.048519312295881606,-0.0036275527884315124,-0.028450441869318877,-0.06594,0.84663,-1.70028,0.03257,0.87177,-1.66664,-0.06139,0.86288,-1.68981,0.02816,0.85129,-1.6681,-0.020249999999999956,0.014750000000000006,-0.11499999999999982,0.29308,0.19439,0.12327,-0.28679,0.18239,-0.13263,-0.2892,-0.19848,0.12447,-0.28806,-0.19833,-0.1339,-0.28875,-0.03799,0.00689,-0.004689994350670707,0.0005999992772713058,0.00022999972295400058,0.9999887954642219
-0.016249999999999945,0.013250000000000001,-0.12724999999999959,-0.0005383485484155051,-0.0018026001395308158,-0.06449184610639835,-0.06055,0.85315,-1.71409,0.02526,0.87836,-1.69576,-0.05584,0.8744,-1.71385,0.02683,0.85684,-1.68179,-0.016249999999999945,0.013250000000000001,-0.12724999999999959,0.29061,0.19449,0.12495,-0.28416,0.18481,-0.13485,-0.28402,-0.19827,0.12629,-0.28378,-0.19793,-0.13435,-0.28648,-0.0384,0.00717,-0.004799991539782366,0.0006699988190946221,-0.00018999966511638538,0.9999882374722853
-0.009750000000000036,0.009000000000000001,-0.12649999999999884,-0.013549658944718079,0.005137679265939228,-0.07601614026459258,-0.0538,0.86065,-1.72667,0.02269,0.87763,-1.70218,-0.05492,0.87859,-1.72223,0.02454,0.86297,-1.69565,-0.009750000000000036,0.009000000000000001,-0.12649999999999884,0.28799,0.19414,0.12697,-0.28159,0.18595,-0.13561,-0.2828,-0.19825,0.12662,-0.28236,-0.19767,-0.13506,-0.28407,-0.03864,0.00742,-0.00469999168431207,0.0005699989915016765,-0.0010599981245469775,0.9999882307223886
-0.007749999999999944,0.003999999999999989,-0.1130000000000006,0.009005323990509642,0.02432091774821252,-0.03611977556824895,-0.05135,0.86417,-1.73379,0.02337,0.88066,-1.71117,-0.05524,0.88279,-1.73089,0.02398,0.86867,-1.70904,-0.007749999999999944,0.003999999999999989,-0.1130000000000006,0.28555,0.19415,0.12772,-0.28024,0.1864,-0.13545,-0.28143,-0.19819,0.12661,-0.28099,-0.19736,-0.13527,-0.28188,-0.03879,0.00753,-0.005069976583099735,0.0007799963973999592,-0.0017099921019922183,0.9999853813281863
-0.0085,0.002249999999999995,-0.10275000000000006,0.005528259877035061,0.017480121513326483,-0.002092976023655523,-0.05254,0.86957,-1.74602,0.02211,0.88688,-1.72498,-0.05074,0.89287,-1.75333,0.02259,0.87404,-1.72142,-0.0085,0.002249999999999995,-0.10275000000000006,0.28347,0.19434,0.12749,-0.27835,0.18664,-0.13585,-0.27909,-0.19782,0.12806,-0.27698,-0.1971,-0.1357,-0.27977,-0.03895,0.00758,-0.0045199893271878015,0.001059997497083865,-0.0017799957969898866,0.9999876387819757
-0.0085,0.003749999999999999,-0.10774999999999951,-0.04402744457990193,-0.010450435581567859,-0.006406731487123303,-0.05221,0.87799,-1.76354,0.02273,0.89388,-1.73936,-0.04309,0.89702,-1.76496,0.0232,0.87983,-1.73371,-0.0085,0.003749999999999999,-0.10774999999999951,0.28144,0.19442,0.12774,-0.27546,0.18675,-0.13573,-0.27682,-0.19733,0.13026,-0.27445,-0.19698,-0.13558,-0.27784,-0.03913,0.00762,-0.004959977826220693,0.0011299949483123757,-0.0017499921765899626,0.9999855295246838
-0.008000000000000021,0.0085,-0.11475000000000096,0.08542424849246642,-0.011392518123853673,-0.04904140625914443,-0.04226,0.89017,-1.78626,0.02331,0.90062,-1.75209,-0.03203,0.90058,-1.77356,0.02328,0.88754,-1.74831,-0.008000000000000021,0.0085,-0.11475000000000096,0.27916,0.19419,0.13063,-0.27089,0.1867,-0.13562,-0.27479,-0.19711,0.13333,-0.27209,-0.19706,-0.13561,-0.27547,-0.03929,0.00773,-0.005400017466384743,0.0008500027493383392,-0.001910006177924974,0.9999832344510028
-0.007249999999999965,0.011499999999999986,-0.11050000000000088,0.07353022036872217,0.042520821539071246,-0.06279245750535646,-0.03592,0.89309,-1.792,0.01913,0.90612,-1.76485,-0.03642,0.9019,-1.77646,0.01701,0.89405,-1.76305,-0.007249999999999965,0.011499999999999986,-0.11050000000000088,0.27685,0.19417,0.13238,-0.2694,0.18699,-0.13681,-0.27233,-0.19707,0.13215,-0.27199,-0.19679,-0.13738,-0.27249,-0.03945,0.00796,-0.0032500018791516293,0.0009100005261624563,-0.0027300015784873684,0.9999905781947195
-0.00899999999999998,0.013000000000000381,-0.09725000000000011,-0.07688013742860296,0.04569902071352335,-0.0035791495450922806,-0.02353,0.89672,-1.79998,0.02005,0.90964,-1.77583,-0.03504,0.9059,-1.78727,0.01689,0.89702,-1.77316,-0.00899999999999998,0.013000000000000381,-0.09725000000000011,0.27474,0.19427,0.13574,-0.26698,0.18756,-0.13659,-0.27062,-0.19667,0.13259,-0.27009,-0.19621,-0.13744,-0.27082,-0.03958,0.00819,-0.003929983583117369,0.0017099928567762596,-0.0031599867996567137,0.9999858227179484
-0.011500000000000052,0.014500000000000797,-0.08900000000000019,-0.08590665731625702,0.011414827684668595,0.036100271051816644,-0.021390000000000044,0.8959299999999998,-1.80097,0.01981999999999989,0.9146600000000003,-1.78658,-0.024349999999999785,0.91281,-1.8051700000000004,0.01778999999999994,0.90072,-1.7816200000000009,-0.011500000000000052,0.014500000000000797,-0.08900000000000019,0.27296,0.19459999999999997,0.13633999999999993,-0.26663999999999993,0.18768000000000007,-0.1367,-0.26880999999999977,-0.19613000000000005,0.13554000000000002,-0.26619999999999994,-0.19605,-0.13720000000000007,-0.26949,-0.03981,0.008480000000000015,-0.00479,0.00182,-0.0028,0.99998
